{ "teory": "", "text": "На каких работах работникам выдаются бесплатно молоко или другие равноценные пищевые продукты?", "correct": "1", "1": "С вредными условиями труда.", "5": "Перечисленных в ответах 2 и 3 совместно.", "3": "На работах с применением источников радиоактивных и ионизирующих излучений.", "amount": "5", "4": "Перечисленных в ответах 1, 2 и 3 совместно.", "2": "С тяжелыми условиями труда.", "theme": "Трудовой кодекс РФ от 30.12. 2001 № 197-ФЗ. " }