{ "teory": "", "text": "Кем осуществляется АПК I-уровня?", "correct": "5", "1": "Руководителем работ", "5": "Руководителем работ (Начальником участка (установки), начальником смены, мастером, механиком, инженером или другим специалистом структурного подразделения филиала)", "3": "Главным инженером", "amount": "5", "4": "Механиком", "2": "Начальником смены", "theme": "АПК I-уровня" }