{ "teory": "", "text": "По какому несчастному случаю оформляется акт о несчастном случае на производстве по установленной форме?", "correct": "5", "1": "Квалифицированному по результатам расследования как несчастный случай на производстве.", "5": "Удовлетворяющему требованиям, изложенным в ответах 1 и 2.", "3": "Если он произошел с застрахованным или иным лицом, подлежащим обязательному социальному страхованию от несчастных случаев на производстве и профессиональных заболеваний.", "amount": "5", "4": "Удовлетворяющему требованиям, изложенным выше.", "2": "Повлекшему за собой необходимость перевода пострадавшего на другую работу, потерю им трудоспособности на срок не менее одного дня либо смерть пострадавшего.", "theme": "Трудовой кодекс РФ от 30.12. 2001 № 197-ФЗ. " }