{ "teory": "", "text": "В каком объеме должна проводиться проверка знаний у руководителей и специалистов? ", "correct": "1", "1": "По утвержденным программам.", "3": "Перечисленное в ответах 1 и 2.", "amount": "3", "2": "По утвержденному Перечню инструкций по охране труда, производственных инструкций.", "theme": "Единая система управления охраной труда и промышленной безопасностью в Открытом акционерном обществе «Газпром». ВРД 39-1.14-021-2001." }