{ "teory": "", "text": "В каком объеме должна проводиться проверка знаний у рабочих и служащих? ", "correct": "2", "1": "По утвержденной программе.", "3": "Перечисленное в ответах 1 или 2.", "amount": "3", "2": "По утвержденному перечню инструкций  по охране труда, производственных инструкций.", "theme": "Единая система управления охраной труда и промышленной безопасностью в Открытом акционерном обществе «Газпром». ВРД 39-1.14-021-2001." }