{ "teory": "", "text": "Свойства метана?", "correct": "2", "1": "Формула – СН3ОН. Является компонентом природных газов. Газ без цвета, не имеет запаха, растворим в воде, тяжелее воздуха.", "3": "Формула – СН4. Является основным компонентом природных газов. Газ синего цвета, имеет запах, в воде нагревается, тяжелее воздуха.", "amount": "3", "2": "Формула – СН4. Является основным компонентом природных газов. Газ без цвета, не имеет запаха (если газ не одорирован), в воде не растворяется, легче воздуха.", "theme": "Свойства газов" }