{ "teory": "", "text": "С какой периодичностью проводится очередная проверка знаний у рабочих и  других служащих? ", "correct": "2", "1": "Ежегодно.", "3": "Не реже одного раза в три года.", "amount": "3", "2": "Не реже одного раза в год.", "theme": "Единая система управления охраной труда и промышленной безопасностью в Открытом акционерном обществе «Газпром». ВРД 39-1.14-021-2001." }