{ "teory": "", "text": "Верхний и нижний предел концентрационного распространения пламени метана?", "correct": "3", "1": "Нижний концентрационный предел распространения пламени (НКПР), 5% верхний концентрационный предел распространения пламени (ВКПР) 15%", "3": "Нижний концентрационный предел распространения пламени (НКПР), 4,4% верхний концентрационный предел распространения пламени (ВКПР) 17% ", "amount": "3", "2": "Нижний концентрационный предел распространения пламени (НКПР), 2% верхний концентрационный предел распространения пламени (ВКПР) 17%", "theme": "Свойства газов" }