{ "teory": "", "text": "За какой срок до дня проверки знаний непосредственными руководителями доводятся до сведения рабочих и других служащих графики проверки знаний? ", "correct": "2", "1": "Один месяц.", "5": "Пять дней.", "3": "10 дней.", "amount": "5", "4": "Неделю.", "2": "Не позднее, чем за 15 дней.", "theme": "Единая система управления охраной труда и промышленной безопасностью в Открытом акционерном обществе «Газпром». ВРД 39-1.14-021-2001." }