{ "teory": "", "text": "В каких случаях проводится внеочередная проверка знаний у рабочих? ", "correct": "5", "1": "При изменении производственного процесса, замене или модернизации оборудования и механизмов.", "5": "Указанное в ответе 4, а также в случае  нарушений работниками требований правил безопасности и инструкций по охране труда.", "3": "По приказу или распоряжению вышестоящей организации, филиала организации.", "amount": "5", "4": "Перечисленных выше, а также по требованию органов госнадзора и контроля, в случае обнаружения недостаточных знаний у работников.", "2": "При введении в действие новых правил и норм безопасности, инструкций по ОТ и безопасному ведению работ.", "theme": "Единая система управления охраной труда и промышленной безопасностью в Открытом акционерном обществе «Газпром». ВРД 39-1.14-021-2001." }