{ "teory": "", "text": "На кого возлагается ответственность за организацию и своевременное проведение проверки знаний по охране труда и промышленной безопасности рабочих и служащих  цехов и служб? ", "correct": "3", "1": "На главного инженера.", "3": "На руководителей цехов и служб.", "amount": "3", "2": "На руководителя производственного отдела по охране труда (инженера по охране труда).", "theme": "Единая система управления охраной труда и промышленной безопасностью в Открытом акционерном обществе «Газпром». ВРД 39-1.14-021-2001." }