{ "teory": "", "text": "Когда обязаны получить повторный инструктаж лица, которые по каким-либо уважительным причинам (болезнь, командировка, отпуск и т.п.) отсутствовали при проведении инструктажа? ", "correct": "2", "1": "В течение 15 дней со дня выхода на работу.", "3": "В течение 3-х дней со дня выхода на работу.", "amount": "4", "4": "Согласно графика проведения инструктажа.", "2": "В день выхода на работу  до начала выполнения работ.", "theme": "Единая система управления охраной труда и промышленной безопасностью в Открытом акционерном обществе «Газпром». ВРД 39-1.14-021-2001." }