{ "teory": "", "text": "В каких случаях проводится внеплановый инструктаж на рабочем месте с рабочими и другими  служащими? ", "correct": "1", "1": "В особых случаях, вызванных производственной необходимостью.", "5": "Перечисленных выше.", "3": "Перед стажировкой.", "amount": "5", "4": "Перед обучением безопасным методам и приемам труда.", "2": "Перед допуском к самостоятельной работе.", "theme": "Единая система управления охраной труда и промышленной безопасностью в Открытом акционерном обществе «Газпром». ВРД 39-1.14-021-2001." }