{ "teory": "", "text": "Какой вид инструктажа проводится при перерыве в работе: для работ, к которым предъявляются дополнительные (повышенные) требования безопасности труда более чем на 30 календарных дней, а для остальных работ - более  60 дней? ", "correct": "2", "1": "Повторный.", "3": "Целевой инструктаж на рабочем месте.", "amount": "4", "4": "Перечисленные в ответах 2 и 3.", "2": "Внеплановый.", "theme": "Единая система управления охраной труда и промышленной безопасностью в Открытом акционерном обществе «Газпром». ВРД 39-1.14-021-2001." }