{ "teory": "", "text": "При каких дозировках произходит отравление диэтиленгликолем?", "correct": "3", "1": "2-0 г. принятые внутрь, вызывают тяжелое отравление, а 100 г. – смерть.", "3": "30-50 г. принятые внутрь, вызывают тяжелое отравление, а 100 г. – смерть.", "amount": "3", "2": "400-500 г. принятые внутрь, вызывают тяжелое отравление, а 80 г. – смерть.", "theme": "Свойства газов" }