{ "teory": "", "text": "В каком объеме проводится внеплановый инструктаж на рабочем месте? ", "correct": "3", "1": "По утвержденным программам.", "3": "Объем и содержание определяются  в каждом конкретном случае в зависимости от причин и обстоятельств, вызвавших необходимость его проведения.", "amount": "4", "4": "Указанное в ответах 1 и 3.", "2": "По утвержденным инструкциям по видам работ.", "theme": "Единая система управления охраной труда и промышленной безопасностью в Открытом акционерном обществе «Газпром». ВРД 39-1.14-021-2001." }