{ "teory": "", "text": "Какие права имеет каждый работник в области охраны труда?", "correct": "5", "1": "На рабочее место, соответствующее требованиям охраны труда, на обязательное социальное страхование от несчастных случаев на производстве и профессиональных заболеваний в соответствии с ФЗ.", "5": "Указанные в ответе 4, а также на обеспечение средствами индивидуальной и коллективной защиты в соответствии с требованиями охраны труда за счет средств работодателя.", "3": "На компенсации, установленные в соответствии с ТК, коллективным договором, трудовым договором, если он занят на тяжелых работах, работах с вредными и (или) опасными условиями труда.", "amount": "5", "4": "Перечисленные выше, а также на отказ от выполнения работ в случае возникновения опасности для его жизни и здоровья вследствие нарушения требований охраны труда.", "2": "На внеочередной медицинский осмотр в соответствии с медицинскими рекомендациями с сохранением за ним места работы и среднего заработка во время прохождения указанного медицинского осмотра.", "theme": "Трудовой кодекс РФ от 30.12. 2001 № 197-ФЗ. " }