{ "teory": "", "text": "Какие бывают виды инструктажа по охране труда на рабочем месте?", "correct": "4", "1": "Первичный инструктаж по охране труда", "3": "Внеплановый инструктаж по охране труда", "amount": "4", "4": "Все вышеперечисленные", "2": "Повторный инструктаж по охране труда", "theme": "Порядок обучения и инструктажи" }