{ "teory": "", "text": "В каких случаях проводят целевой инструктаж на рабочем месте? ", "correct": "2", "1": "В особых, вызванных производственной необходимостью.", "5": "Перечисленных в ответах 1 и 2.", "3": "Перед допуском к самостоятельной работе.", "amount": "5", "4": "Перед стажировкой.", "2": "При выполнении разовых работ, не  связанных с прямым выполнением работ по специальности.", "theme": "Единая система управления охраной труда и промышленной безопасностью в Открытом акционерном обществе «Газпром». ВРД 39-1.14-021-2001." }