{ "teory": "", "text": "Свойства диэтиленгликоля?", "correct": "1", "1": "Бесцветная, прозрачная, сиропообразная жидкость без запаха", "3": "Бесцветная, углеводородная жидкость с запахом этилового спирта", "amount": "4", "4": "Жидкость непрозрачная, цветная, с запахом", "2": "Жидкость синего цвета, с резким запахом метана", "theme": "Свойства газов" }