{ "teory": "", "text": "Кто проводит первичный, повторный, внеплановый и целевой инструктажи на рабочем месте? ", "correct": "1", "1": "Непосредственный руководитель работ  (мастер, инструктор производственного обучения, преподаватель).", "3": "Начальник цеха, участка.", "amount": "4", "4": "Главный инженер.", "2": "Инженер по охране труда.", "theme": "Единая система управления охраной труда и промышленной безопасностью в Открытом акционерном обществе «Газпром». ВРД 39-1.14-021-2001." }