{ "teory": "", "text": "Что предусматривает обучение руководителей и специалистов аппарата ОАО \"Газпром\", организаций, филиалов организаций? ", "correct": "5", "1": "Вводный инструктаж.", "5": "Перечисленное в ответах  1 и 2.", "3": "Стажировку на рабочем месте в объеме одного месяца.", "amount": "5", "4": "Перечисленное выше.", "2": "Аттестацию и\/или проверку знаний (первичную, очередную, внеочередную) в области охраны труда и ПБ, подготовку, переподготовку и повышение квалификации.", "theme": "Единая система управления охраной труда и промышленной безопасностью в Открытом акционерном обществе «Газпром». ВРД 39-1.14-021-2001." }