{ "teory": "", "text": "С какими документами должны быть ознакомлены руководители и специалисты при проведении вводного  инструктажа в ОАО \"Газпром\"? ", "correct": "4", "1": "С инструкциями по ОТ и пожарной безопасности, с законодательными и иными правовыми  нормативными актами по ОТ, отраслевым соглашением на текущий год.", "5": "Указанными в ответе 4, а также планом мероприятий развития ОАО \"Газпром\" и филиалов.", "3": "С методами оказания первой доврачебной медицинской помощи.", "amount": "5", "4": "Перечисленными выше.", "2": "С характером работы курируемых организаций отрасли, с должностными обязанностями.", "theme": "Единая система управления охраной труда и промышленной безопасностью в Открытом акционерном обществе «Газпром». ВРД 39-1.14-021-2001." }