{ "teory": "", "text": "С какими документами  должны быть ознакомлены руководители и специалисты при проведении вводного инструктажа в организациях и в их филиалах? ", "correct": "5", "1": "С правила внутреннего трудового распорядка и ответственностью за их нарушение; с назначением и условиями работы организации и его филиалов.", "5": "Указанные в ответе 4, а также с  методами оказания первой доврачебной медицинской помощи и т.д.", "3": "С должностными обязанностями, с состоянием условий и ОТ, производственного травматизма и профзаболеваний.", "amount": "5", "4": "Перечисленными выше, а также с основными опасными и вредными производственными факторами, со средствами индивидуальной защиты.", "2": "С организацией работы по ОТ и ПБ, с законодательными и иными правовыми нормативными актами по ОТ, промышленной и пожарной безопасности, коллективным договором.", "theme": "Единая система управления охраной труда и промышленной безопасностью в Открытом акционерном обществе «Газпром». ВРД 39-1.14-021-2001." }