{ "teory": "", "text": "В течение какого срока после проведения вводного инструктажа руководители и  специалисты должны пройти проверку знаний по охране труда и  промышленной безопасности?   ", "correct": "2", "1": "2-х недель.", "3": "15 дней со дня вступления в должность.", "amount": "3", "2": "В месячный срок со дня вступления в должность.", "theme": "Единая система управления охраной труда и промышленной безопасностью в Открытом акционерном обществе «Газпром». ВРД 39-1.14-021-2001." }