{ "teory": "", "text": "Свойства метанола?", "correct": "2", "1": "Жидкость густого насыщенного бурого цветв, по запаху и вкусу напоминает диэтиленгликоль", "5": "Все вышеперечисленное", "3": "Бесцветная жидкость, имеющая сладкий запах", "amount": "5", "4": "Бесцветный прозрачный газ, по запаху и вкусу напоминает (этиловый спирт)", "2": "Бесцветная прозрачная жидкость, по запаху и вкусу напоминает (этиловый спирт)", "theme": "Свойства газов" }