{ "teory": "", "text": "На кого возлагается обеспечение спецодеждой, спецобувью, СИЗ, СКЗ и предохранительными приспособлениями, а также организация своевременной стирки, химчистки, ремонта и дезинфекции спецодежды в  организациях (филиалах)? ", "correct": "2", "1": "На руководителя (работодателя).", "5": "На профсоюзную организацию.", "3": "На отдел МТО.", "amount": "5", "4": "На производственный отдел по охране труда.", "2": "На заместителя руководителя (директора) по направлению деятельности.", "theme": "Единая система управления охраной труда и промышленной безопасностью в Открытом акционерном обществе «Газпром». ВРД 39-1.14-021-2001." }