{ "teory": "", "text": "На кого возлагается контроль за обеспечением работников спецодеждой, спецобувью и другими СИЗ? ", "correct": "3", "1": "На руководителя (работодателя).", "5": "На профсоюзную организацию.", "3": "На заместителя главного инженера по охране труда  (производственную службу охраны труда).", "amount": "5", "4": "На отдел МТО.", "2": "На заместителя руководителя (директора) по направлению деятельности.", "theme": "Единая система управления охраной труда и промышленной безопасностью в Открытом акционерном обществе «Газпром». ВРД 39-1.14-021-2001." }