{ "teory": "", "text": "Кто несет ответственность за своевременность обеспечения рабочих и служащих  СИЗ? ", "correct": "1", "1": "Руководители филиалов.", "5": "Руководители подразделений филиала.", "3": "Заместитель главного инженера по охране труда (производственную службу охраны труда).", "amount": "5", "4": "Отдел МТО.", "2": "Заместитель руководителя по направлению деятельности.", "theme": "Единая система управления охраной труда и промышленной безопасностью в Открытом акционерном обществе «Газпром». ВРД 39-1.14-021-2001." }