{ "teory": "", "text": "Для чего предназначен метанол?", "correct": "2", "1": "Для осушки газа в адсорберах", "5": "Все вышеперечисленное", "3": "Для управлением запорно-регулирующей арматуры", "amount": "5", "4": "Для улучшения свойств добываемого природного газа", "2": "Для предотвращения и ликвидации гидратообразования в трубопроводах и аппаратах", "theme": "Свойства газов" }