{ "teory": "", "text": "Чем опасен прием метанола внутрь в количестве 5-10 гр.?", "correct": "3", "1": "Может вызвать головокружение", "5": "Все вышеперечисленное", "3": "Может вызвать тяжелое отравление и потерю зрения", "amount": "5", "4": "Может вызвать привыкание", "2": "Может вызвать потерю запахов", "theme": "Свойства газов" }