{ "teory": "", "text": "Кем осуществляется надзор и контроль за соблюдением федеральных законов о труде и промышленной безопасности в организациях ОАО \"Газпром\"? ", "correct": "5", "1": "Органами прокуратуры.", "5": "Органами и лицами, перечисленными в ответах  1-4.", "3": "Техническими инспекторами по охране труда, уполномоченными по охране труда, профкомами.", "amount": "5", "4": "Комиссиями ОАО \"Газпром\", организациями и их филиалами.", "2": "Специально уполномоченными государственными органами надзора и контроля.", "theme": "Единая система управления охраной труда и промышленной безопасностью в Открытом акционерном обществе «Газпром». ВРД 39-1.14-021-2001." }