{ "teory": "", "text": "Для кого проводится вводный инструктаж?", "correct": "5", "1": "Для инженерно-технического персонала", "5": "Для вновь принятых работников и иных лиц, участвующих в производственной деятельности организации (с временными работниками, командированными, учащимися и студентами, прибывшими на практику, экскурсантами)", "3": "Для студентов, практикантов", "amount": "5", "4": "Для иных лиц", "2": "Для работников подрядных организаций", "theme": "Порядок обучения и инструктажи" }