{ "teory": "", "text": "Кому направляются утвержденные акты о несчастном случае на производстве?", "correct": "4", "1": "Один экземпляр пострадавшему (его законному представителю или иному доверенному лицу), а при несчастном случае на производстве со смертельным исходом - лицам, состоявшим на иждивении погибшего.", "5": "В инстанции, указанные в ответе 4, а также четвертый экземпляр направляется выборному органу первичной профсоюзной организации для принятия мер по предупреждению несчастных случаев.", "3": "При страховых случаях третий экземпляр акта и копии материалов расследования в исполнительный орган страховщика (по месту регистрации работодателя в качестве страхователя).", "amount": "5", "4": "В инстанции, указанные выше.", "2": "Второй экземпляр вместе с материалами расследования хранится работодателем (его представителем), осуществляющим по решению комиссии учет данного несчастного случая на производстве.", "theme": "Трудовой кодекс РФ от 30.12. 2001 № 197-ФЗ. " }