{ "teory": "", "text": "Что является объектами шестиуровневого административно-производственного контроля на первом уровне? ", "correct": "1", "1": "Участок цеха, рабочие места,  вахты, бригады.", "5": "Перечисленное в ответах 1 и 2.", "3": "Филиал.", "amount": "5", "4": "Организация.", "2": "Цех, служба филиала или производства.", "theme": "Единая система управления охраной труда и промышленной безопасностью в Открытом акционерном обществе «Газпром». ВРД 39-1.14-021-2001." }