{ "teory": "", "text": "Что является объектами административно-производственного контроля на втором уровне?", "correct": "1", "1": "Цех, служба филиала или производства.", "3": "Организация.", "amount": "4", "4": "Участок цеха, рабочие места, вахты, бригады.", "2": "Филиал.", "theme": "Единая система управления охраной труда и промышленной безопасностью в Открытом акционерном обществе «Газпром». ВРД 39-1.14-021-2001." }