{ "teory": "", "text": "Что является объектами шестиуровневого административно-производственного контроля на третьем уровне? ", "correct": "2", "1": "Участок цеха, рабочие места, вахты, бригады.", "3": "Цех, служба филиала или производства.", "amount": "4", "4": "Организация.", "2": "Филиал.", "theme": "Единая система управления охраной труда и промышленной безопасностью в Открытом акционерном обществе «Газпром». ВРД 39-1.14-021-2001." }