{ "teory": "", "text": "Что такое вредный производственный фактор?", "correct": "3", "1": "Непроизводственный фактор, воздействие которого на работника может привести к его хроническому заболеванию", "3": "Производственный фактор, воздействие которого на работника может привести к его профессиональному заболеванию", "amount": "3", "2": "Производственный фактор, воздействие которого на работника может привести к его травме", "theme": "Опасные и вредные факторы" }