{ "teory": "", "text": "Что такое опасный производственный фактор?", "correct": "2", "1": "Непроизводственный фактор, воздействие которого на работника может привести к его хроническому заболеванию", "3": "Производственный фактор, воздействие которого на работника может привести к его профессиональному заболеванию", "amount": "3", "2": "Производственный фактор, воздействие которого на работника может привести к его травме, в том числе смертельной", "theme": "Опасные и вредные факторы" }