{ "teory": "", "text": "Кто осуществляет первый уровень административно-производственного контроля за состоянием условий и охраны труда? ", "correct": "1", "1": "Каждый работник на отведенном ему рабочем месте.", "5": "Профсоюзный комитет.", "3": "Работник, назначенный руководителем цеха, службы.", "amount": "5", "4": "Главный инженер.", "2": "Руководитель цеха, службы.", "theme": "Единая система управления охраной труда и промышленной безопасностью в Открытом акционерном обществе «Газпром». ВРД 39-1.14-021-2001." }