{ "teory": "", "text": "Как оформляются сведения о выявленных  нарушениях правил, инструкций и норм охраны труда и технической  безопасности на первом уровне административно-производственного контроля? ", "correct": "2", "1": "Составлением акта.", "3": "Записываются начальником цеха, его заместителями, уполномоченными (доверенными) лицами по охране труда в \"Журнал охраны труда цеха (службы)\".", "amount": "4", "4": "Указанное в ответах 1 и 2.", "2": "Вносятся руководителем участка  в соответствующую оперативно-технологическую документацию (оперативный журнал, журнал и т.д.).", "theme": "Единая система управления охраной труда и промышленной безопасностью в Открытом акционерном обществе «Газпром». ВРД 39-1.14-021-2001." }