{ "teory": "", "text": "Производственные факторы подразделяются на:", "correct": "5", "1": "Физические (температура, влажность, вибрация, излучения, освещение…)", "5": "Все вышеперечисленное", "3": "Биологические (бактерии, вирусы, грибки и микроорганизмы)", "amount": "5", "4": "Психофизиологические (психофизические): физические перегрузки (факторы тяжести трудового процесса): статические и динамические, нервно-психические перегрузки (факторы напряженности труда): умственное переутомление, монотонность труда, эмоциональные перегрузки", "2": "Химические (токсичные, раздражающие, канцерогенные и т.д.)", "theme": "Опасные и вредные факторы" }