{ "teory": "", "text": "Кто осуществляет второй уровень административно-производственного контроля? ", "correct": "3", "1": "Комиссия под председательством главного инженера согласно графика.", "5": "Указанное в ответах 1 и 4.", "3": "Руководитель цеха (службы) не реже  1-го раза в 10 дней.", "amount": "5", "4": "Профком ежемесячно.", "2": "Каждый работник на отведенном ему рабочем месте.", "theme": "Единая система управления охраной труда и промышленной безопасностью в Открытом акционерном обществе «Газпром». ВРД 39-1.14-021-2001." }