{ "teory": "", "text": "Как оформляются обнаруженные по результатам проверок нарушения правил и норм в обеспечении безопасности, организации охраны труда на втором уровне административно производственного контроля? ", "correct": "3", "1": "Составляется соответствующий акт.", "3": "Записываются начальником цеха (его заместителями),  уполномоченными (доверенными лицами по ОТ профсоюза) в \"Журнал охраны труда цеха (службы)\".", "amount": "4", "4": "Указанное в ответах 1 и 3.", "2": "Руководителем участка нарушения записываются в соответствующую оперативно-технологическую документацию (оперативный журнал, журнал дефектов и т.д.)", "theme": "Единая система управления охраной труда и промышленной безопасностью в Открытом акционерном обществе «Газпром». ВРД 39-1.14-021-2001." }