{ "teory": "", "text": "Кто осуществляет третий уровень административно-производственного контроля? ", "correct": "3", "1": "Руководитель (работодатель).", "3": "Постоянно-действующая комиссия по охране труда  и промышленной безопасности под руководством главного инженера или заместителя руководителя.", "amount": "4", "4": "Профсоюзный комитет.", "2": "Начальник цеха (службы).", "theme": "Единая система управления охраной труда и промышленной безопасностью в Открытом акционерном обществе «Газпром». ВРД 39-1.14-021-2001." }