{ "teory": "", "text": "В какие сроки осуществляется проверка служб (цехов, участков) на третьем уровне административно-производственного контроля? ", "correct": "5", "1": "Не реже одного раза в полугодие.", "5": "В соответствии с ежегодным графиком.", "3": "1 раз в месяц.", "amount": "5", "4": "1 раз в квартал.", "2": "1 раз в 10 дней.", "theme": "Единая система управления охраной труда и промышленной безопасностью в Открытом акционерном обществе «Газпром». ВРД 39-1.14-021-2001." }