{ "teory": "", "text": "Кто несет ответственность за осуществление третьего уровня административно-производственного контроля и выполнение мероприятий, намеченных  комиссией? ", "correct": "1", "1": "Руководитель филиала.", "3": "Заместители руководителя по направлению деятельности.", "amount": "4", "4": "Руководитель производственного отдела по охране труда.", "2": "Главный инженер.", "theme": "Единая система управления охраной труда и промышленной безопасностью в Открытом акционерном обществе «Газпром». ВРД 39-1.14-021-2001." }