{ "teory": "", "text": "Кто включается дополнительно в состав комиссии по расследованию группового несчастного случая на производстве, тяжелого несчастного случая на производстве со смертельным исходом? ", "correct": "5", "1": "Государственный инспектор труда.", "5": "Представители, указанные в ответах 3 или 4.", "3": "Представители, указанные выше, а в случае радиационного воздействия -органа исполнительной власти, осуществляющего функции по контролю и надзору в сфере безопасности при использовании атомной энергии.", "amount": "5", "4": "Представители, указанные в ответах 1 и 2, а при н\/с на объекте, подконтрольном органам Ростехнадзора РФ, представитель этого органа.", "2": "Представители органа исполнительной власти субъекта РФ или органа местного самоуправления, представитель территориального объединения организаций профсоюзов.", "theme": "Трудовой кодекс РФ от 30.12. 2001 № 197-ФЗ. " }