{ "teory": "", "text": "Для чего разработан порядок обучения по охране труда и проверки знаний требований охраны труда работников организаций? ", "correct": "5", "1": "Для установления порядка подготовки и аттестации в области промышленной безопасности, рационального использования и охраны недр руководителей и специалистов.", "5": "Ответы 2 и 3.", "3": "Устанавливает общие положения обязательного обучения по охране труда и проверки знаний требований охраны труда всех работников, включая руководителей.", "amount": "5", "4": "Ответы 1, 2 и 3.", "2": "Для обеспечения профилактических мер по сокращению производственного травматизма и  проф.заболеваний.", "theme": "Порядок обучения по охране труда и проверки знаний требований охраны труда работников организаций. Утвержден Постановлением Минтруда России и Минобразования России от 13.01.2003 № 1\/29." }