{ "teory": "", "text": "Могут ли устанавливать дополнительные требования к организации и проведению обучения по охране труда и проверки знаний, федеральные органы испольнительной власти, органы местного самоуправления? ", "correct": "3", "1": "Да.", "3": "Могут, не противоречащие требованиям Порядка обучения по ОТ и проверки знаний требований ОТ.", "amount": "3", "2": "Нет.", "theme": "Порядок обучения по охране труда и проверки знаний требований охраны труда работников организаций. Утвержден Постановлением Минтруда России и Минобразования России от 13.01.2003 № 1\/29." }