{ "teory": "", "text": "Какие работы относятся к работам на высоте?", "correct": "3", "1": "Существуют риски, связанные с возможным падением работника с высоты 1,8 м и более, в том числе: при осуществлении работником подъема на высоту более 5 м, или спуска с высоты более 5 м по лестнице, угол наклона которой к горизонтальной поверхности составляет более 75°; при проведении работ на площадках на расстоянии ближе 2 м от не ограждённых перепадов по высоте более 1,8 м, а также, если высота защитного ограждения этих площадок менее 1,1 м", "3": "Все вышеперечисленное", "amount": "3", "2": "Существуют риски, связанные с возможным падением работника с высоты менее 1,8 м, если работа проводится над машинами или механизмами, поверхностью жидкости или сыпучих мелкодисперсных материалов, выступающими предметами.", "theme": "Работы на высоте" }