{ "teory": "", "text": "Назовите контингент, подлежащий обучению по охране труда и проверке знаний требований охраны труда в соответствии с Порядком обучения по охране труда и проверки знаний требований охраны труда работников организаций? ", "correct": "4", "1": "Рабочие.", "5": "Ответы 1 и 2.", "3": "Рабочие и служащие.", "amount": "5", "4": "Все работники организации, в том числе ее руководитель.", "2": "Руководители и специалисты.", "theme": "Порядок обучения по охране труда и проверки знаний требований охраны труда работников организаций. Утвержден Постановлением Минтруда России и Минобразования России от 13.01.2003 № 1\/29." }