{ "teory": "", "text": "Что такое СИЗ?", "correct": "4", "1": "СИЗ - технологические средства, используемые для временного воздействия на работников вредных и (или) опасных производственных факторов", "3": "СИЗ - средства индивидуальной защиты - технические средства, используемые для увеличения воздействия на работников вредных и (или) опасных производственных факторов", "amount": "4", "4": "СИЗ - средства индивидуальной защиты - технические средства, используемые для предотвращения или уменьшения воздействия на работников вредных и (или) опасных производственных факторов", "2": "СИЗ - технические средства, используемые для поддержания постоянного воздействия на работников вредных и (или) опасных производственных факторов", "theme": "Средства индивидуальной защиты" }