{ "teory": "", "text": "Могут ли работники не проходить обучение по охране труда и проверку знаний требований охраны труда? ", "correct": "4", "1": "Да.", "3": "Могут, имеющие квалификацию инженера (специалиста) по безопасности технологических процессов и производств или по охране труда, а также работники федеральных органов исполнительной власти.", "amount": "4", "4": "Ответ 3, имеющие непрерывный стаж работы в области охраны труда не менее пяти лет.", "2": "Нет.", "theme": "Порядок обучения по охране труда и проверки знаний требований охраны труда работников организаций. Утвержден Постановлением Минтруда России и Минобразования России от 13.01.2003 № 1\/29." }