{ "teory": "", "text": "В течение какого времени после поступления на работу работники, имеющие квалификацию инженера по безопасности технологических процессов и производств или по охране труда, могут  не проходить обучение по ОТ и проверку знаний требований ОТ? ", "correct": "1", "1": "В течение года.", "3": "Трех лет.", "amount": "4", "4": "К работе без обучения по ОТ и проверки знаний требований ОТ не допускаются.", "2": "Двух лет.", "theme": "Порядок обучения по охране труда и проверки знаний требований охраны труда работников организаций. Утвержден Постановлением Минтруда России и Минобразования России от 13.01.2003 № 1\/29." }