{ "teory": "", "text": "СИЗ выдаваемые работникам, должны соответствовать:", "correct": "1", "1": "Полу, росту, размерам, а также характеру и условиям выполняемой работы", "3": "Полу, возрасту", "amount": "4", "4": "Нормам СИЗ, требованиям к СИЗ", "2": "Возрасту, росту, размерам", "theme": "Средства индивидуальной защиты" }