{ "teory": "", "text": "Когда проводится первичный инструктаж на рабочем месте? ", "correct": "1", "1": "До начала самостоятельной работы.", "3": "При введении в действие новых или изменении законодательных и иных нормативных правовых актов.", "amount": "4", "4": "При выполнении разовых работ, при ликвидации последствий аварий.", "2": "Не реже одного раза в шесть месяцев.", "theme": "Порядок обучения по охране труда и проверки знаний требований охраны труда работников организаций. Утвержден Постановлением Минтруда России и Минобразования России от 13.01.2003 № 1\/29." }