{ "teory": "", "text": "В каких случаях работники не допускаются к выполнению работ?", "correct": "3", "1": "Работы проводятся без выданных СИЗ в установленном порядке", "3": "Все вышеперечисленное", "amount": "3", "2": "Работы проводятся с неисправными, не отремонтированными и загрязненными СИЗ", "theme": "Средства индивидуальной защиты" }