{ "teory": "", "text": "Могут ли работники освобождаться от прохождения первичного инструктажа на рабочем месте?  ", "correct": "3", "1": "Да.", "3": "Могут, не связанные с эксплуатацией, обслуживанием, испытанием, наладкой и ремонтом оборудования, использованием электрофицированного или иного инструмента.", "amount": "3", "2": "Нет.", "theme": "Порядок обучения по охране труда и проверки знаний требований охраны труда работников организаций. Утвержден Постановлением Минтруда России и Минобразования России от 13.01.2003 № 1\/29." }