{ "teory": "", "text": "В течение какого времени работодатель (или уполномоченное им лицо) обязан организовать обучение безопасным методам и приемам выполнения работ всех поступивших на работу лиц, а также лиц, переводимых на другую работу? ", "correct": "2", "1": "Двух недель.", "3": "В течение трех месяцев после приема на работу.", "amount": "4", "4": "В течение года.", "2": "В течение месяца после приема на работу.", "theme": "Порядок обучения по охране труда и проверки знаний требований охраны труда работников организаций. Утвержден Постановлением Минтруда России и Минобразования России от 13.01.2003 № 1\/29." }