{ "teory": "", "text": "Назовите обязанности работодателя (или уполномоченного им лица) в области обучения работников рабочих профессий. ", "correct": "4", "1": "Обеспечивает обучение лиц, принимаемых на работу с вредными и (или) опасными условиями труда, безопасным методам и приемам выполнения работ.", "5": "Ответы 1 и 2.", "3": "Обеспечивает в процессе трудовой деятельности проведение периодического обучения по ОТ и проверку знаний требований охраны труда.", "amount": "5", "4": "Ответы 1, 2 и 3.", "2": "Обеспечивает стажировку на рабочем месте и сдачу экзаменов.", "theme": "Порядок обучения по охране труда и проверки знаний требований охраны труда работников организаций. Утвержден Постановлением Минтруда России и Минобразования России от 13.01.2003 № 1\/29." }