{ "teory": "", "text": "В соответствии с какими документами устанавливаются работодателем (или уполномоченным им лицом) порядок, форма, периодичность и продолжительность обучения по ОТ и  проверки знаний требований ОТ работников рабочих профессий? ", "correct": "3", "1": "Единой системы управления охраной труда и промышленной безопасностью в ОАО Газпром.", "3": "Нормативными правовыми актами, регулирующими безопасность конкретных видов работ.", "amount": "4", "4": "Ответы 1 и 2.", "2": "Порядком обучения по охране труда и проверки знаний требований охраны труда работников организаций.", "theme": "Порядок обучения по охране труда и проверки знаний требований охраны труда работников организаций. Утвержден Постановлением Минтруда России и Минобразования России от 13.01.2003 № 1\/29." }