{ "teory": "", "text": "Где регистрируется проведение вводного инструктажа?", "correct": "4", "1": "В Журнале регистрации вводного инструктажа", "3": "В талоне по охране труда", "amount": "4", "4": "В журнале регистрации инструктажа и в личной карточке регистрации инструктажа", "2": "В личной карточке", "theme": "Порядок обучения и инструктажи" }