{ "teory": "", "text": "Кто включается дополнительно в состав комиссии при групповом несчастном случае на производстве с числом погибших 5 и более человек?", "correct": "5", "1": "Представители федерального органа исполнительной власти, уполномоченного на проведение государственного надзора и контроля за соблюдением трудового законодательства.", "5": "Представители, указанные в ответах 1 и 3.", "3": "Представители общероссийского объединения профессиональных союзов.", "amount": "5", "4": "Представители, указанные выше.", "2": "Представители Федерального органа исполнительной власти по ведомственной принадлежности.", "theme": "Трудовой кодекс РФ от 30.12. 2001 № 197-ФЗ. " }