{ "teory": "", "text": "С какой периодичностью работодатель (или уполномоченное им лицо) организует проведение периодического обучения работников рабочих профессий оказанию первой помощи пострадавшим? ", "correct": "1", "1": "Не реже одного раза в год.", "5": "Ответы 1 и 4.", "3": "Один раз в пять лет.", "amount": "5", "4": "После каждого расследования произшедшего несчастного случая на производстве.", "2": "Один раз в три года.", "theme": "Порядок обучения по охране труда и проверки знаний требований охраны труда работников организаций. Утвержден Постановлением Минтруда России и Минобразования России от 13.01.2003 № 1\/29." }