{ "teory": "", "text": "В каком объеме и в течение какого времени руководители и специалисты организаций проходят специальное обучение по охране труда? ", "correct": "2", "1": "Программы, согласованной Госгортехнадзором РФ, в течение двух недель при поступлении на работу. ", "3": "Должностных обязанностей и инструкций по охране труда по профессиям  и видам работ при поступлении на работу в течение первого месяца.", "amount": "3", "2": "Должностных обязанностей при поступлении на работу в течение первого месяца, далее - по мере необходимости, но не реже одного раза в три года.", "theme": "Порядок обучения по охране труда и проверки знаний требований охраны труда работников организаций. Утвержден Постановлением Минтруда России и Минобразования России от 13.01.2003 № 1\/29." }