{ "teory": "", "text": "Обязанности оператора по д\/г согласно рабочей инструкции?", "correct": "5", "1": "Ведение технологического процесса при всех способах добычи газа и газового конденсата, обслуживание, монтаж и демонтаж оборудования и механизмов под руководством оператора по добычи нефти и газа более высокой квалификации", "5": "Все вышеперечисленное", "3": "Осуществлять разборку, ремонт и сборку отдельных узлов и механизмов простого газопромыслового оборудования, и арматуры", "amount": "5", "4": "Осуществлять обработку паром высокого давления подземное и наземное оборудование скважин и выкидных линий", "2": "Осуществлять работу по поддержанию заданного режима работы скважин, установок комплексной подготовки газа, групповых замерных установок, станций подземного хранения газа и других объектов, связанных с технологией добычи газа и газового конденсата и подземного хранения газа", "theme": "Обязанности оператора по д\/г согласно рабочей инструкции" }