{ "teory": "", "text": "Кем проводится обучение по охране труда руководителей и специалистов? ", "correct": "4", "1": "По соответствующим программа по охране труда непосредственно самой организацией.", "5": "Ответы 1, 2 и 3.", "3": "Министерством образования Российской Федерации.", "amount": "5", "4": "Ответы 1 и 2.", "2": "Образовательными учреждениями профессионального образования, учебными центрами и организациями, при наличии у них лицензии.", "theme": "Порядок обучения по охране труда и проверки знаний требований охраны труда работников организаций. Утвержден Постановлением Минтруда России и Минобразования России от 13.01.2003 № 1\/29." }