{ "teory": "", "text": "Обязанности оператора по д\/г согласно рабочей инструкции?", "correct": "5", "1": "Предоставлять информацию руководителю работ и оператору о всех замеченных неполадках в работе скважин и другого газопромыслового оборудования", "5": "Все вышеперечисленное", "3": "Выполнять разовые поручения руководства Общества, связанные с деятельностью Общества", "amount": "5", "4": "Прохождить обучение безопасным методам и приемам выполнения работ, и оказанию первой помощи пострадавшим на производстве, инструктаж по охране труда на рабочем месте и проверку знаний требований ОТ", "2": "Снимать показания приборов, измеряющих параметры работы газопровода, осуществлять расчет расхода газа и жидкости, вести режимные листы работы установки комплексной подготовки газа (далее – УКПГ), цеха", "theme": "Обязанности оператора по д\/г согласно рабочей инструкции" }