{ "teory": "", "text": "Могут ли руководители и специалисты организации проходить обучение по охране труда и проверку знаний требований охраны труда в самой организации? ", "correct": "3", "1": "Да.", "3": "Могут в самой организации, имеющей комиссию по проверке знаний требований охраны труда.", "amount": "3", "2": "Нет.", "theme": "Порядок обучения по охране труда и проверки знаний требований охраны труда работников организаций. Утвержден Постановлением Минтруда России и Минобразования России от 13.01.2003 № 1\/29." }