{ "teory": "", "text": "Профессия оператора по добыче нефти и газа относится?", "correct": "1", "1": "К профессии повышенной опасности", "3": "К профессии легкого труда", "amount": "4", "4": "К профессии постоянного труда", "2": "К профессии пониженной опасности", "theme": "Инструкция по охране труда по основной профессии" }