{ "teory": "", "text": "Кем разрабатываются, утверждаются и согласовываются требования к условиям осуществления обучения по охране труда по соответствующим программам обучающими организациями? ", "correct": "1", "1": "Разрабатываются и утверждаются Министерством труда и социального развития РФ по согласованию с Министерством образования РФ.", "3": "Разрабатываются и утверждаются образовательными учреждениями профессионального образования по согласованию с Министерством труда и социального развития РФ.", "amount": "3", "2": "Разрабатываются и утверждаются самой организацией по согласованию с Министерством образования РФ.", "theme": "Порядок обучения по охране труда и проверки знаний требований охраны труда работников организаций. Утвержден Постановлением Минтруда России и Минобразования России от 13.01.2003 № 1\/29." }