{ "teory": "", "text": "Кто и в каком объеме проводит проверку теоретических знаний требований охраны труда и практических навыков безопасной работы работников рабочих профессий?", "correct": "3", "1": "Главный инженер организации, в объеме специальной программы.", "3": "Непосредственные руководители работ в объеме знаний требований правил и инструкций по охране труда, а при необходимости в объеме знаний дополнительных специальных требований безопасности и ОТ.", "amount": "3", "2": "Работодатель, в объеме должностных обязанностей и инструкций по охране труда.", "theme": "Порядок обучения по охране труда и проверки знаний требований охраны труда работников организаций. Утвержден Постановлением Минтруда России и Минобразования России от 13.01.2003 № 1\/29." }