{ "teory": "", "text": "Назовите состав комиссии по проверке знаний требований охраны труда. ", "correct": "4", "1": "Председатель и члены комиссии.", "3": "Председатель, заместитель председателя и члены комиссии.", "amount": "4", "4": "Председатель, заместитель (заместители) председателя, секретарь и члены комиссии.", "2": "Председатель, секретарь и члены комиссии.", "theme": "Порядок обучения по охране труда и проверки знаний требований охраны труда работников организаций. Утвержден Постановлением Минтруда России и Минобразования России от 13.01.2003 № 1\/29." }