{ "teory": "", "text": "Что должен сделать оператор по добыче нефти и газа по окончанию работ?", "correct": "5", "1": "Убрать ключи и приспособления на стеллжа", "5": "Все вышеперечисленное", "3": "Убрать промасленную ветошь и отходы", "amount": "5", "4": "Снять защитные средства, спецодежду, спецобувь", "2": "Убрать смазочные материалы", "theme": "Инструкция по охране труда по основной профессии" }