{ "teory": "", "text": "В какой срок работник, не прошедший проверки знаний требований охраны труда при обучении, обязан после этого пройти повторную проверку знаний? ", "correct": "1", "1": "Не позднее одного месяца.", "5": "К работе не допускается, подлежит увольнению.", "3": "В течение трех месяцев.", "amount": "5", "4": "В течение шести месяцев.", "2": "Не позднее двух недель.", "theme": "Порядок обучения по охране труда и проверки знаний требований охраны труда работников организаций. Утвержден Постановлением Минтруда России и Минобразования России от 13.01.2003 № 1\/29." }