{ "teory": "", "text": "Кто несет ответственность за качество обучения по охране труда и выполнение утвержденных программ по охране труда? ", "correct": "4", "1": "Обучающая организация.", "3": "Федеральная инспекция труда.", "amount": "4", "4": "Ответы 1 и 2.", "2": "Работодатель организации в порядке, установленном законодательством РФ.", "theme": "Порядок обучения по охране труда и проверки знаний требований охраны труда работников организаций. Утвержден Постановлением Минтруда России и Минобразования России от 13.01.2003 № 1\/29." }