{ "teory": "", "text": "Что необходимо сделать оператору по добыче нефти и газа для того, чтобы получить допуск к самостоятельной работе?", "correct": "5", "1": "Прохождение в установленном порядке вводный и первичный инструктажи", "5": "Все вышеперечисленное", "3": "Успешно пройти проверку знаний требований охраны труда", "amount": "5", "4": "Успешно пройти стажировку", "2": "Прохождение обучения требованиям охраны труда по утвержденной программе", "theme": "Инструкция по охране труда по основной профессии" }