{ "teory": "", "text": "Кем осуществляется контроль за своевременным проведением проверки знаний требований охраны труда работников, в том числе руководителей, организаций? ", "correct": "3", "1": "Обучающими организациями.", "3": "Органами федеральной инспекции труда.", "amount": "4", "4": "Ответы 1 или 2.", "2": "Комиссией организации по проверке знаний требований охраны труда.", "theme": "Порядок обучения по охране труда и проверки знаний требований охраны труда работников организаций. Утвержден Постановлением Минтруда России и Минобразования России от 13.01.2003 № 1\/29." }