{ "teory": "", "text": "В течении какого времени акт о несчастном случае на производстве с материалами расследования подлежит хранению работодателем (его представителем), осуществляющим по решению комиссии учет данного несчастного случая на производстве? ", "correct": "1", "1": "В течении 45 лет.", "3": "В течении 15 лет, а при инвалидном и смертельном исходе 45 лет.", "amount": "4", "4": "В течении 15 лет.", "2": "Сроки хранения определяются государственным инспектором труда, проводившим расследование, но не более 45 лет.", "theme": "Трудовой кодекс РФ от 30.12. 2001 № 197-ФЗ. " }