{ "teory": "", "text": "Какие  несчастные случаи подлежат расследованию и учету в  соответствии с Положением об особенностях расследования  несчастных случаев на производстве? ", "correct": "5", "1": "Травма, в том числе  полученная в результате нанесения телесных повреждений другим лицом, тепловой удар, ожог, обморожение, утопление.", "5": "Все перечисленные выше  повлекшие за собой необходимость перевода работника на другую работу, временную или стойкую утрату трудоспособности либо его смерть.", "3": "Повреждения, полученные в результате взрывов, аварий, разрушения зданий, сооружений и конструкций, стихийных бедствий и других чрезвычайных ситуаций.", "amount": "5", "4": "Повреждения здоровья, обусловленные воздействием на пострадавшего  опасных факторов.", "2": "Поражение электрическим током (в т.ч. молнией), укусы и другие телесные повреждения нанесенные животными и насекомыми.", "theme": "Положение об особенностях расследования несчастных случаев на производстве в отдельных отраслях и организациях. Утверждено Постановлением  Минтруда и социального  развития РФ от 24.10.02 г. № 73.  " }