{ "teory": "", "text": "Подлежат ли расследованию в соответствии с \"Положением об особенностях расследования  несчастных случаев на производстве в отдельных отраслях и организациях\" несчастные случаи, происшедшие с работником в пути на работу или с работы? ", "correct": "5", "1": "Подлежат, если он произошел на личном транспорте при соответствующем договоре или распоряжении работодателя о его использовании в производственных целях.", "5": "Подлежат в случаях, перечисленных в ответах 1 и 3.", "3": "Подлежат, если несчастный случай произошел на транспорте, предоставленном организацией.", "amount": "5", "4": "Подлежат в случаях, перечисленных в ответах 1, 2 и 3.", "2": "Подлежат, если случай произошел не более 1 часа до начала или после окончания работы и если имеются очевидцы несчастного случая.", "theme": "Положение об особенностях расследования несчастных случаев на производстве в отдельных отраслях и организациях. Утверждено Постановлением  Минтруда и социального  развития РФ от 24.10.02 г. № 73.  " }