{ "teory": "", "text": "Подлежат ли расследованию и учету в соответствии с \"Положением об особенностях расследования  несчастных случаев на производстве в отдельных отраслях и организациях\" несчастные случаи происшедшие на территории организации или вне ее? ", "correct": "5", "1": "Подлежат, если они произошли в рабочее время, включая установленные перерывы.", "5": "Правильно указано в ответах 1, 2 и 3.", "3": "Да, если они произошли при выполнении работ в сверхурочное время, выходные и праздничные дни.", "amount": "5", "4": "Правильно указано в ответах 1, 2.", "2": "Да, если они произошли во время, необходимое для приведения в порядок орудий производства, одежды и т.п. перед началом или по окончании работы.", "theme": "Положение об особенностях расследования несчастных случаев на производстве в отдельных отраслях и организациях. Утверждено Постановлением  Минтруда и социального  развития РФ от 24.10.02 г. № 73.  " }