{ "teory": "", "text": "Подлежат ли расследованию и учету в соответствии с Положением о расследовании и учете несчастных случаев на производстве несчастные случаи, происшедшие во время междусменного отдыха? ", "correct": "4", "1": "Да, если они произошли с водителем сменщиком при следовании на транспортном средстве.", "3": "Не подлежат.", "amount": "4", "4": "Подлежат в случаях, указанных в ответах 1 и 2.", "2": "Да, если они произошли при работе вахтово-экспедиционным методом.", "theme": "Положение об особенностях расследования несчастных случаев на производстве в отдельных отраслях и организациях. Утверждено Постановлением  Минтруда и социального  развития РФ от 24.10.02 г. № 73.  " }