{ "teory": "", "text": "Подлежат ли учету и расследованию в соответствии с \"Положением...\" несчастные случаи, происшедшие на производстве с работниками и другими лицами при выполнении ими трудовых обязанностей и работы по заданию организации? ", "correct": "4", "1": "Да, если они произошли с лицами, выполняющими работу на условиях трудового договора", "3": "Да, если они произошли с лицами, указанными в ответе 2 или с лицами, осужденными к лишению свободы и привлекаемыми к труду администрацией организации.", "amount": "4", "4": "Да, если они произошли с лицами, указанными в ответе 3, или с другими лицами, участвующими в производственной деятельности организации.", "2": "Да, если они произошли с лицами, указанными в ответе 1, или со студентами и учащимися образовательных учреждений, проходящими практику в организациях.", "theme": "Положение об особенностях расследования несчастных случаев на производстве в отдельных отраслях и организациях. Утверждено Постановлением  Минтруда и социального  развития РФ от 24.10.02 г. № 73.  " }