{ "teory": "", "text": "Что обязан сделать непосредственный руководитель работ после получения сообщения от пострадавшего или очевидца о несчастном случае, происшедшем на производстве? ", "correct": "5", "1": "Немедленно организовать первую помощь пострадавшему и при необходимости доставку его в учреждение здравоохранения.", "5": "Все указанное выше, а также в случае невозможности сохранения обстановки несчастного случая - зафиксировать сложившуюся обстановку (схемы, фотографии и т.п.)", "3": "Принять неотложные меры по предотвращению развития аварийной ситуации и воздействия травмирующего фактора на других лиц.", "amount": "5", "4": "Сохранить до начала расследования обстановку несчастного случая, если это не угрожает здоровью других людей и не приведет к аварии.", "2": "Сообщить работодателю или лицу, им уполномоченному, о происшедшем несчастном случае.", "theme": "Положение об особенностях расследования несчастных случаев на производстве в отдельных отраслях и организациях. Утверждено Постановлением  Минтруда и социального  развития РФ от 24.10.02 г. № 73.  " }