{ "teory": "", "text": "В течении какого времени работодатель обязан сообщить о каждом групповом (2 и более пострадавших), тяжелом и несчастном случае со смертельным исходом в государственные и общественные органы, осуществляющие контроль за охраной труда? ", "correct": "1", "1": "В течении  суток.", "5": "Не регламентируется.", "3": "В течении 15 дней.", "amount": "5", "4": "В течении 3 дней после окончания расследования.", "2": "В течении 3 дней.", "theme": "Положение об особенностях расследования несчастных случаев на производстве в отдельных отраслях и организациях. Утверждено Постановлением  Минтруда и социального  развития РФ от 24.10.02 г. № 73.  " }