{ "teory": "", "text": "Кому сообщает работодатель о каждом групповом несчастном случае (2 и более пострадавших), тяжелом несчастном случае и несчастном случае со смертельным исходом, происшедшем в организации? ", "correct": "5", "1": "В соответствующую государственную инспекцию труда, в прокуратуру по месту происшествия несчастного случая.", "5": "В инстанции, указанные в ответе 4, а также в территориальный орган санитарно-эпидемиологической службы РФ о случаях острого отравления.", "3": "В территориальный орган государственного надзора, если несчастный случай произошел в организации (на объекте), подконтрольной этому органу.", "amount": "5", "4": "В инстанции, указанные выше, а также в организацию, направившую работника, с которым произошел несчастный случай, и территориальное объединение профсоюзов.", "2": "В орган исполнительной власти субъекта РФ, в федеральный орган исполнительной власти по ведомственной принадлежности.", "theme": "Положение об особенностях расследования несчастных случаев на производстве в отдельных отраслях и организациях. Утверждено Постановлением  Минтруда и социального  развития РФ от 24.10.02 г. № 73.  " }