{ "teory": "", "text": "Подлежат ли расследованию и учету в соответствии с \"Положением ...\" несчастные случаи, происшедшие при привлечении работника в установленном порядке к участию в ликвидации последствий катастроф, аварий и других чрезвычайных ситуаций? ", "correct": "1", "1": "Подлежат.", "amount": "2", "2": "Не подлежат.", "theme": "Положение об особенностях расследования несчастных случаев на производстве в отдельных отраслях и организациях. Утверждено Постановлением  Минтруда и социального  развития РФ от 24.10.02 г. № 73.  " }