{ "teory": "", "text": "Кто возглавляет, и кто утверждает состав комиссии по расследованию несчастного случая на производстве, происшедшего в организации? ", "correct": "1", "1": "Комиссию возглавляет работодатель или уполномоченное им лицо; состав утверждается приказом работодателя.", "3": "Комиссию возглавляет ответственный за охрану труда в организации; состав утверждает работодатель.", "amount": "4", "4": "Комиссию возглавляет и утверждает государственный инспектор по охране труда.", "2": "Комиссию возглавляет работодатель или уполномоченное им лицо; состав утверждается приказом выше стоящей организации.", "theme": "Положение об особенностях расследования несчастных случаев на производстве в отдельных отраслях и организациях. Утверждено Постановлением  Минтруда и социального  развития РФ от 24.10.02 г. № 73.  " }