{ "teory": "", "text": "Кто возглавляет комиссию по расследованию несчастного случая на производстве?", "correct": "5", "1": "Работодатель (его представитель).", "5": "Один из указанных выше.", "3": "При несчастном случае, происшедшем на объекте, подконтрольному Ростехнадзору РФ, - представитель этого органа.", "amount": "5", "4": "При групповом н\/с с числом погибших пять человек и более - руководитель государственной инспекции труда, а на объекте, подконтрольному Ростехнадзору РФ - руководитель этого территориального органа. ", "2": "В случаях, предусмотренных ТК, - должностное лицо соответствующего федерального органа исполнительной власти, осуществляющего функции по контролю и надзору в установленной сфере деятельности.", "theme": "Трудовой кодекс РФ от 30.12. 2001 № 197-ФЗ. " }