{ "teory": "", "text": "Кто проводит первичный инструктаж на рабочем месте?", "correct": "3", "1": "Главный инженер", "5": "Все вышеперечисленное", "3": "Непосредственный руководитель работника", "amount": "5", "4": "Инженер по охране труда", "2": "Предствитель Ростехнадзора", "theme": "Порядок обучения и инструктажи" }