{ "teory": "", "text": "Кто входит в состав комиссии по расследованию несчастного случая на производстве, происшедшего в организации? ", "correct": "5", "1": "Представители работодателя, профсоюзного органа или иного уполномоченного работниками представительного органа.", "5": "Лица, перечисленные в ответах 1 и 3.", "3": "Специалист по охране труда или лицо, назначенное приказом работодателя ответственным за организацию работы по охране труда.", "amount": "5", "4": "В комиссию входят лица, перечисленные в ответах 1, 2 и 3.", "2": "Руководитель, непосредственно отвечающий за безопасность труда на участке, где произошел несчастный случай.", "theme": "Положение об особенностях расследования несчастных случаев на производстве в отдельных отраслях и организациях. Утверждено Постановлением  Минтруда и социального  развития РФ от 24.10.02 г. № 73.  " }