{ "teory": "", "text": "Подлежат ли расследованию и учету в соответствии с \"Положением...\" несчастные случаи, происшедшие при осуществлении не входящих в трудовые обязанности работника действий? ", "correct": "3", "1": "Да.", "3": "Да, если эти действия совершены в интересах работодателя или направлены на предотвращение аварии или несчастного случая.", "amount": "3", "2": "Нет.", "theme": "Положение об особенностях расследования несчастных случаев на производстве в отдельных отраслях и организациях. Утверждено Постановлением  Минтруда и социального  развития РФ от 24.10.02 г. № 73.  " }