{ "teory": "", "text": "В течение какого времени должно быть проведено расследование обстоятельств и причин несчастного случая на производстве (который не является групповым и не относится к категории тяжелых или со смертельным исходом)? ", "correct": "1", "1": "В течение 3-х дней.", "5": "В течение 10 дней.", "3": "24 часов.", "amount": "5", "4": "В течение рабочего дня.", "2": "12 часов.", "theme": "Положение об особенностях расследования несчастных случаев на производстве в отдельных отраслях и организациях. Утверждено Постановлением  Минтруда и социального  развития РФ от 24.10.02 г. № 73.  " }