{ "teory": "", "text": "Кто расследует несчастный случай на производстве, происшедший с лицом, направленным для выполнения работ в другую организацию?", "correct": "4", "1": "Комиссия, назначенная вышестоящей по отношению к обеим предприятиям  организацией.", "5": "Комиссия, создаваемая администрацией обоих предприятий.", "3": "Комиссия образованная работодателем, на производстве которого произошел несчастный случай.", "amount": "5", "4": "Комиссия, указанная в ответе 3, с участием полномочного представителя организации (индивидуального предпринимателя), направившей это лицо.", "2": "Комиссия предприятия, направившая работника.", "theme": "Положение об особенностях расследования несчастных случаев на производстве в отдельных отраслях и организациях. Утверждено Постановлением  Минтруда и социального  развития РФ от 24.10.02 г. № 73.  " }