{ "teory": "", "text": "Кем расследуется и учитывается несчастный случай, происшедший с работником организации, производящей работы на выделенном участке другой организации? ", "correct": "4", "1": "Организацией, на территории которой производились эти работы.", "5": "Представителем органа представительной власти соответствующего субъекта РФ.", "3": "Расследуется организацией, где произошел несчастный случай, учитывается по месту работы пострадавшего.", "amount": "5", "4": "Организацией, производящей эти работы, с обязательным участием представителя организации, на территории которой производились эти работы.", "2": "Организацией, производящей эти работы.", "theme": "Положение об особенностях расследования несчастных случаев на производстве в отдельных отраслях и организациях. Утверждено Постановлением  Минтруда и социального  развития РФ от 24.10.02 г. № 73.  " }