{ "teory": "", "text": "В какой  срок  расследуется  несчастный  случай, о котором не было своевременно сообщено работодателю или в результате которого нетрудоспособность наступила  не сразу? ", "correct": "2", "1": "Не регламентируется.", "5": "Сроки определяются \"Положением о порядке рассмотрения жалоб и заявлений трудящихся\".", "3": "Не более 10 дней с момента обращения пострадавшего.", "amount": "5", "4": "Не более 15 дней с момента обращения пострадавшего.", "2": "В течении  месяца со дня  поступления заявления от пострадавшего или его доверенного лица.", "theme": "Положение об особенностях расследования несчастных случаев на производстве в отдельных отраслях и организациях. Утверждено Постановлением  Минтруда и социального  развития РФ от 24.10.02 г. № 73.  " }