{ "teory": "", "text": "В течении какого времени проводится расследование группового несчастного случая на производстве, тяжелого несчастного случая на производстве и несчастного случая на производстве со смертельным исходом? ", "correct": "3", "1": "3 дней.", "5": "Не регламентируется.", "3": "15 дней.", "amount": "5", "4": "Месяца.", "2": "10 дней.", "theme": "Положение об особенностях расследования несчастных случаев на производстве в отдельных отраслях и организациях. Утверждено Постановлением  Минтруда и социального  развития РФ от 24.10.02 г. № 73.  " }