{ "teory": "", "text": "Кто включается дополнительно в состав комиссии по расследованию группового несчастного случая на производстве, тяжелого несчастного случая на производстве и несчастного случая на производстве со смертельным исходом? ", "correct": "5", "1": "Государственный инспектор по охране труда.", "5": "Представители, указанные в ответах 3 или 4.", "3": "Указанные в ответах 1 и 2, а в случае острого отравления или радиационного воздействия еще и представитель органа санитарно-эпидемиологической службы РФ.", "amount": "5", "4": "Указанные в ответах 1,2, а при н\/с на объекте, подконтрольном органам Федерального горного и промышленного надзора, еще и представитель этого органа.", "2": "Представители органа исполнительной власти субъекта РФ или органа местного самоуправления, представитель территориального объединения профсоюзов.", "theme": "Положение об особенностях расследования несчастных случаев на производстве в отдельных отраслях и организациях. Утверждено Постановлением  Минтруда и социального  развития РФ от 24.10.02 г. № 73.  " }