{ "teory": "", "text": "Кто включается дополнительно в состав комиссии при групповом несчастном случае на производстве с числом погибших 5 и более человек? ", "correct": "4", "1": "Представители Федеральной инспекции труда.", "5": "Лица, указанные в ответе 4, а также представитель прокуратуры.", "3": "Лица, перечисленные выше.", "amount": "5", "4": "Лица, указанные в ответе 3, а также представители общероссийского объединения профсоюзов.", "2": "Представители федерального органа исполнительной власти по ведомственной принадлежности.", "theme": "Положение об особенностях расследования несчастных случаев на производстве в отдельных отраслях и организациях. Утверждено Постановлением  Минтруда и социального  развития РФ от 24.10.02 г. № 73.  " }