{ "teory": "", "text": "Что обязан обеспечить работодатель за счет собственных средств по требованию комиссии, проводящей расследование несчастного случая, происшедшего в организации? ", "correct": "4", "1": "Выполнение технических расчетов, проведение лабораторных исследований, испытаний, других экспертных работ и привлечение в этих целях специалистов-экспертов.", "5": "Указанное в ответе 4, а также оплату за проживание и питание.", "3": "Предоставление транспорта, служебного помещения, средств связи, спецодежды, спецобуви и других СИЗ, необходимых для проведения расследования.", "amount": "5", "4": "Указанное выше.", "2": "Фотографирование места несчастного случая и поврежденных объектов, составление планов, эскизов, схем.", "theme": "Положение об особенностях расследования несчастных случаев на производстве в отдельных отраслях и организациях. Утверждено Постановлением  Минтруда и социального  развития РФ от 24.10.02 г. № 73.  " }