{ "teory": "", "text": "Где регистрируется проведение первичного инструктажа?", "correct": "4", "1": "В личной карточке регистрации инструктажа", "3": "В протоколе по охране труда", "amount": "4", "4": "В личной карточке регистрации инструктажа и в журнале регистрации инструктажа по охране труда", "2": "В талоне по охране труда ", "theme": "Порядок обучения и инструктажи" }