{ "teory": "", "text": "Кем осуществляется государственный надзор и контроль за соблюдением трудового законодательства и иных нормативных правовых актов, содержащих нормы трудового права? ", "correct": "4", "1": "Ростехнадзором России.", "3": "Генеральным прокурором РФ и подчиненными ему прокурорами в соответствии с федеральным законом.", "amount": "4", "4": "Федеральной инспекцией труда.", "2": "Органами местного самоуправления.", "theme": "Трудовой кодекс РФ от 30.12. 2001 № 197-ФЗ. " }