{ "teory": "", "text": "В каких целях результаты расследования каждого несчастного случая рассматриваются работодателем с участием представителя профсоюзного либо иного уполномоченного работниками представительного органа? ", "correct": "1", "1": "Для принятия соответствующих решений, направленных на ликвидацию причин и предупреждения несчастных случаев на производстве.", "5": "Перечисленных в ответах 1,2 и 3.", "3": "Решение вопросов о замене оборудования, на котором произошел несчастный случай.", "amount": "5", "4": "Перечисленных в ответах 1 и 2.", "2": "Решения вопросов о возмещении вреда пострадавшим (членам их семей), предоставления им компенсаций и льгот.", "theme": "Положение об особенностях расследования несчастных случаев на производстве в отдельных отраслях и организациях. Утверждено Постановлением  Минтруда и социального  развития РФ от 24.10.02 г. № 73.  " }