{ "teory": "", "text": "По какому несчастному случаю на производстве оформляется акт о несчастном случае на производстве по форме Н-1? ", "correct": "4", "1": "Вызвавшему необходимость перевода работника в соответствии с медицинским заключением на другую работу.", "3": "С возможным инвалидным исходом.", "amount": "4", "4": "По каждому несчастному случаю на производстве, указанному в ответах 1 и 2.", "2": "Вызвавшему потерю трудоспособности работником на срок не менее одного дня либо его смерть.", "theme": "Положение об особенностях расследования несчастных случаев на производстве в отдельных отраслях и организациях. Утверждено Постановлением  Минтруда и социального  развития РФ от 24.10.02 г. № 73.  " }