{ "teory": "", "text": "В скольких экземплярах оформляется акт о несчастном случае на производстве по форме Н-1? ", "correct": "5", "1": "В 2 экземплярах на русском языке либо на русском языке и государственном языке субъекта Российской Федерации.", "5": "Акт оформляется согласно ответов 1, 3, 4.", "3": "При н\/с с работником сторонней организации акт составляется в 3 экз., два из которых направляются работодателю, работником которого является пострадавший.", "amount": "5", "4": "При групповом несчастном случае на производстве акт составляется на каждого пострадавшего отдельно.", "2": "В 4 экземплярах на русском языке либо на русском языке и государственном языке субъекта Российской Федерации.", "theme": "Положение об особенностях расследования несчастных случаев на производстве в отдельных отраслях и организациях. Утверждено Постановлением  Минтруда и социального  развития РФ от 24.10.02 г. № 73.  " }