{ "teory": "", "text": "В какой срок работодатель обязан выдать один экземпляр акта по форме Н-1 пострадавшему, а при несчастном случае со смертельным исходом родственникам погибшего либо его доверенному лицу (по требованию)? ", "correct": "5", "1": "Акт формы Н-1 выдавать пострадавшему не разрешается.", "5": "В 3-дневный срок после утверждения акта по форме Н-1.", "3": "Не позднее 5 дней после утверждения акта.", "amount": "5", "4": "Не регламентируется.", "2": "Не позднее 15 дней после несчастного случая.", "theme": "Положение об особенностях расследования несчастных случаев на производстве в отдельных отраслях и организациях. Утверждено Постановлением  Минтруда и социального  развития РФ от 24.10.02 г. № 73.  " }