{ "teory": "", "text": "В течение какого времени акт о несчастном случае на производстве по форме Н-1 с материалами расследования подлежит хранению в организации по месту работы (учебы, службы) пострадавшего с момента несчастного случая? ", "correct": "4", "1": "В течение 15 лет.", "3": "Сроки хранения определяются государственным инспектором по охране труда, проводившим расследование, но не менее 45 лет.", "amount": "4", "4": "В течение 45 лет.", "2": "В течение 15 лет, а при инвалидном и смертельном исходе - 45 лет.", "theme": "Положение об особенностях расследования несчастных случаев на производстве в отдельных отраслях и организациях. Утверждено Постановлением  Минтруда и социального  развития РФ от 24.10.02 г. № 73.  " }