{ "teory": "", "text": "Кем должен быть утвержден акт по форме Н-1? ", "correct": "2", "1": "Государственным инспектором по охране труда, проводившим расследование.", "5": "Представителем органа исполнительной власти соответствующего субъекта РФ.", "3": "Председателем комиссии по расследованию несчастного случая и заверен печатью организации.", "amount": "5", "4": "Председателем профсоюзного комитета или иного уполномоченного работниками представительного органа.", "2": "Работодателем или лицом, им уполномоченным, и заверен печатью организации.", "theme": "Положение об особенностях расследования несчастных случаев на производстве в отдельных отраслях и организациях. Утверждено Постановлением  Минтруда и социального  развития РФ от 24.10.02 г. № 73.  " }