{ "teory": "", "text": "Кому направляются утвержденные акты по форме Н-1? ", "correct": "5", "1": "При страховых случаях направляется в исполнительный орган страховщика (по месту регистрации в качестве страхователя).", "5": "Согласно ответов 1, 2 и 4 по одному экземпляру и копию акта в государственную инспекцию труда по субъекту РФ (по ее требованию).", "3": "Начальнику цеха, начальнику отдела (инженеру) охраны труда, профсоюзному комитету, пострадавшему, техническому инспектору труда.", "amount": "5", "4": "Хранится вместе с материалами расследования работодателем в течении 45 лет.", "2": "Выдается пострадавшему, а при несчастном случае со смертельным исходом - родственникам погибшего либо его доверенному лицу (по требованию).", "theme": "Положение об особенностях расследования несчастных случаев на производстве в отдельных отраслях и организациях. Утверждено Постановлением  Минтруда и социального  развития РФ от 24.10.02 г. № 73.  " }