{ "teory": "", "text": "Кому должен быть направлен акт о расследовании группового н\/случая, тяжелого н\/случая, н\/случая на производстве со смертельным исходом с документами и материалами расследования, а также копии актов по форме Н-1 на каждого пострадавшего? ", "correct": "5", "1": "В соответствующую государственную инспекцию труда и в прокуратуру, в которую сообщалось о несчастном случае на производстве.", "5": "Правильно указано в ответах 1, 2, 3 и 4.", "3": "При страховом случае - также в исполнительный орган страховщика (по месту регистрации страхователя).", "amount": "5", "4": "В департамент государственного надзора и контроля за соблюдением законодательства о труде и охране труда Министерства труда и социального развития РФ и соответствующие федер. органы исполн. власти.", "2": "В территориальный орган соответствующего федерального надзора - по несчастным случаям, происшедшим в подконтрольных им организациях (объектах).", "theme": "Положение об особенностях расследования несчастных случаев на производстве в отдельных отраслях и организациях. Утверждено Постановлением  Минтруда и социального  развития РФ от 24.10.02 г. № 73.  " }