{ "teory": "", "text": "Кому работодатель по окончании временной нетрудоспособности пострадавшего обязан направить информацию по установленной форме о последствиях несчастного случая и мероприятиях, выполненных в целях предупреждения несчастных случаев? ", "correct": "5", "1": "В соответствующую государственную инспекцию труда.", "5": "В инстанции, перечисленные в ответах 1, 2..", "3": "В государственную инспекцию труда по субъекту РФ.", "amount": "5", "4": "В орган исполнительной власти соответствующего субъекта РФ.", "2": "В соответствующий территориальный орган федерального надзора (в необходимых случаях).", "theme": "Положение об особенностях расследования несчастных случаев на производстве в отдельных отраслях и организациях. Утверждено Постановлением  Минтруда и социального  развития РФ от 24.10.02 г. № 73.  " }