{ "teory": "", "text": "Кем рассматриваются разногласия по вопросам расследования, оформления и учета н\/с, непризнания работодателем н\/с, отказ в проведении его расследования и составлении акта по форме Н-1, несогласие пострадавшего с содержанием этого акта? ", "correct": "1", "1": "Соответствующими органами государственной инспекции труда или судом.", "5": "Органом исполнительной власти соответствующего субъекта РФ.", "3": "Прокуратурой РФ.", "amount": "5", "4": "Вышестоящим хозяйственным органом или судом.", "2": "Федеральной инспекцией труда при Министерстве труда и социального развития РФ.", "theme": "Положение об особенностях расследования несчастных случаев на производстве в отдельных отраслях и организациях. Утверждено Постановлением  Минтруда и социального  развития РФ от 24.10.02 г. № 73.  " }