{ "teory": "", "text": "На кого распространяется действие коллективного договора?", "correct": "3", "1": "На членов профсоюза.", "5": "На всех рабочих и служащих организации, за исключением работников, принятых на время выполнения определенной работы.", "3": "На всех работников организации.", "amount": "5", "4": "На всех работников организации, за исключением работающих по совместительству.", "2": "На членов профсоюза и представителей администрации, не являющихся членами профсоюза.", "theme": "Трудовой кодекс РФ от 30.12. 2001 № 197-ФЗ. " }