{ "teory": "", "text": "По какой программе проводится первичный инструктаж?", "correct": "2", "1": "По программе вводного инструктажа", "5": "Все вышеперечисленное", "3": "По программе повторного инструктажа", "amount": "5", "4": "По программе внепланового инструктажа", "2": "По программе первичного инструктажа", "theme": "Порядок обучения и инструктажи" }