{ "teory": "", "text": "Имеет ли право государственный инспектор по охране труда самостоятельно или с привлечением профсоюзной инспекции труда, а при необходимости - органов государственного надзора  проводить расследование н\/случая независимо от срока давности? ", "correct": "4", "1": "Имеет право при выявлении сокрытого несчастного случая на производстве.", "5": "Не имеет.", "3": "Имеет в случаях, перечисленных выше, и если с момента несчастного случая прошло не более года.", "amount": "5", "4": "Имеет в случаях, перечисленных в ответах 1, 2 и при поступлении информации по установленной форме о последствиях несчастного случая.", "2": "Имеет при поступлении жалобы пострадавшего или родственников погибшего  при несогласии с выводами комиссии", "theme": "Положение об особенностях расследования несчастных случаев на производстве в отдельных отраслях и организациях. Утверждено Постановлением  Минтруда и социального  развития РФ от 24.10.02 г. № 73.  " }