{ "teory": "", "text": "Имеет ли право государственный инспектор по охране труда потребовать от работодателя составления нового акта по форме Н-1 после самостоятельного проведения расследования несчастного случая на производстве? ", "correct": "2", "1": "Имеет, если имеющийся акт оформлен с нарушениями.", "5": "Имеет в случае, указанном в ответе 2, после согласования с Федеральной инспекцией труда при Министерстве труда и социального развития РФ.", "3": "Не имеет.", "amount": "5", "4": "Имеет в случае, указанном в ответе 1, после согласования с Федеральной инспекцией труда при Министерстве труда и социального развития РФ.", "2": "Имеет в случае, указанном в ответе 1, или имеющийся акт не соответствует материалам расследования несчастного случая.", "theme": "Положение об особенностях расследования несчастных случаев на производстве в отдельных отраслях и организациях. Утверждено Постановлением  Минтруда и социального  развития РФ от 24.10.02 г. № 73.  " }