{ "teory": "", "text": "Кто возглавляет и кто утверждает состав комиссии для расследования группового несчастного случая, тяжелого несчастного случая, несчастного случая со смертельным исходом? ", "correct": "4", "1": "Комиссию возглавляет работодатель или уполномоченное им лицо; состав утверждается приказом работодателя.", "5": "Правильно указано в ответах 1 или 3.", "3": "При н\/с на объекте, подконтрольном органам Федерального горного и промышленного надзора, состав утверждается этим органом, а возглавляет его представитель.", "amount": "5", "4": "Правильно указано в ответах 2 или 3.", "2": "Комиссию возглавляет государственный инспектор по охране труда; состав утверждается приказом работодателя.", "theme": "Положение об особенностях расследования несчастных случаев на производстве в отдельных отраслях и организациях. Утверждено Постановлением  Минтруда и социального  развития РФ от 24.10.02 г. № 73.  " }