{ "teory": "", "text": "Какие документы формирует комиссия в результате расследования группового несчастного случая, тяжелого несчастного случая, несчастного случая со смертельным исходом? ", "correct": "5", "1": "Планы, схемы, эскизы, а при необходимости - фото- или видеоматериалы места происшествия; документы, характеризующие состояние рабочего места, наличие опасных и вредных производственных факторов.", "5": "Указанное выше, а также экспертные заключения специалистов, результаты лабораторных исследований, экспериментов и другие материалы по усмотрению комиссии.", "3": "Медицинское заключение о характере и степени тяжести повреждения, причиненного здоровью пострадавшего,  или причине его смерти, о нахождении пострадавшего в момент н\/с в состоянии опьянения.", "amount": "5", "4": "Указанное выше, а также копии документов, подтверждающих выдачу пострадавшему спецодежды, обуви и других СИЗ, выписки из ранее выданных предписаний органов надзора.", "2": "Выписки из журналов регистрации инструктажей по ОТ и протоколов проверки знаний пострадавших по ОТ; протоколы опросов очевидцев н\/с и должностных лиц, объяснения пострадавших.", "theme": "Положение об особенностях расследования несчастных случаев на производстве в отдельных отраслях и организациях. Утверждено Постановлением  Минтруда и социального  развития РФ от 24.10.02 г. № 73.  " }