{ "teory": "", "text": "Что устанавливает и определяет комиссия по расследованию несчастного случая на производстве на основании собранных данных и материалов? ", "correct": "4", "1": "Устанавливает обстоятельства и причины несчастного случая.", "5": "Указанное в ответе 4, а также определяет меру наказания лиц, допустивших нарушения требований безопасности и охраны труда.", "3": "Указанное выше, а также определяет лиц, допустивших нарушения требований государственных нормативных требований охраны труда.", "amount": "5", "4": "Указанное в ответе 3, а также вырабатывает мероприятия по устранению причин и предупреждению подобных несчастных случаев.", "2": "Определяе, были ли действия пострадавшего в момент несчастного случучая обусловлены трудовыми отношениями с работодателем либо участием в его производственной деятельности.", "theme": "Положение об особенностях расследования несчастных случаев на производстве в отдельных отраслях и организациях. Утверждено Постановлением  Минтруда и социального  развития РФ от 24.10.02 г. № 73.  " }