{ "teory": "", "text": "Какой документ составляет комиссия по результатам расследования группового несчастного случая на производстве, тяжелого несчастного случая на производстве и несчастного случая на производстве со смертельным исходом? ", "correct": "4", "1": "Акт по форме Н-1.", "5": "Акт, указанный в ответе 2, или акт по форме Н-1 на каждого пострадавшего отдельно.", "3": "Акт, указанный в ответе 2, и акт по форме Н-1.", "amount": "5", "4": "Акт, указанный в ответе 2, и на каждого пострадавшего отдельно акт по форме Н-1.", "2": "Акт о расследовании группового н\/случая на производстве, тяжелого н\/случая на производстве, н\/случая на производстве со смертельным исходом.", "theme": "Положение об особенностях расследования несчастных случаев на производстве в отдельных отраслях и организациях. Утверждено Постановлением  Минтруда и социального  развития РФ от 24.10.02 г. № 73.  " }