{ "teory": "", "text": "Какие несчастные случаи подлежат расследованию, но по решению комиссии могут не считаться несчастными случаями на производстве, не учитываться и оформляться актом произвольной формы? ", "correct": "5", "1": "Смерть вследствие общего заболевания или самоубийства, подтвержденная в установленном порядке учреждением здравоохранения и следственными органами.", "5": "Случаи, указанные в ответах 1, 3 и 4.", "3": "Случай, указанный в ответе 2, если опьянение не связано с нарушением технологического процесса, где используются спирты, наркотические и т.п. вещества.", "amount": "5", "4": "Н\/случай, происшедший при совершении пострадавшим действий, квалифицированных правоохранительными органами как уголовно наказуемое правонарушение (преступление).", "2": "Смерть, единственной причиной которой явилось (по заключению учреждения здравоохранения) алкогольное или наркотическое опьянение.", "theme": "Положение об особенностях расследования несчастных случаев на производстве в отдельных отраслях и организациях. Утверждено Постановлением  Минтруда и социального  развития РФ от 24.10.02 г. № 73.  " }