{ "teory": "", "text": "Кому работодатель должен сообщить о несчастных случаях на производстве, которые по прошествии времени перешли в категорию тяжелых или со смертельным исходом? )", "correct": "5", "1": "В вышестоящую организацию, в орган исполнительной власти субъекта РФ.", "5": "Правильно указано в ответах 2 и 3.", "3": "Если эти случаи произошли на объектах, подконтрольных территориальным органам Федерального надзора, то сообщить в эти органы, а о страховых случаях - в исполнительные органы страховщика.", "amount": "5", "4": "Правильно указано в ответах 1, 2 и 3.", "2": "В государственную инспекцию труда, профсоюзный орган.", "theme": "Положение об особенностях расследования несчастных случаев на производстве в отдельных отраслях и организациях. Утверждено Постановлением  Минтруда и социального  развития РФ от 24.10.02 г. № 73.  " }