{ "teory": "", "text": "При каких состояниях оказывается первая помощь?", "correct": "5", "1": "Отсутствие сознания. Остановка дыхания и кровообращения.", "5": "Перечисленное в ответах 1, 2 и 3, атакже при отравлении.", "3": "Ожоги, эффекты воздействия высоких температур, теплового излучения. Отморожение и другие эффекты воздействия низких температур.", "amount": "5", "4": "Перечисленное выше.", "2": "Наружные кровотечения. Инородные тела верхних дыхательных путей. Травмы различных областей тела.", "theme": "Приказ Министерства здравоохранения и социального развития РФ от 4 мая 2012 г. N 477н \"Об утверждении перечня состояний, при которых оказывается первая помощь, и перечня мероприятий по оказанию первой помощи\"" }