{ "teory": "", "text": "Какой перечень мероприятий по оказанию первой помощи?", "correct": "5", "1": "Мероприятия по оценке обстановки и обеспечению безопасных условий для оказания первой помощи. Вызов скорой медицинской помощи, других специальных служб, сотрудники которых обязаны оказывать первую помощь. ", "5": "Перечисленное выше.", "3": "Мероприятия по поддержанию проходимости дыхательных путей. Мероприятия по обзорному осмотру пострадавшего и временной остановке наружного кровотечения. Мероприятия по подробному осмотру пострадавшего в целях выявления признаков травм, отравлений и других состояний, угрожающих его жизни и здоровью, и по оказанию первой помощи в случае выявления указанных состояний. ", "amount": "5", "4": "Придание пострадавшему оптимального положения тела. Контроль состояния пострадавшего (сознание, дыхание, кровообращение) и оказание психологической поддержки. Передача пострадавшего бригаде скорой медицинской помощи, другим специальным службам, сотрудники которых обязаны оказывать первую помощь в соответствии с федеральным законом или со специальным правилом.", "2": "Определение наличия сознания у пострадавшего. Мероприятия по восстановлению проходимости дыхательных путей и определению признаков жизни у пострадавшего. Мероприятия по проведению сердечно-легочной реанимации до появления признаков жизни. ", "theme": "Приказ Министерства здравоохранения и социального развития РФ от 4 мая 2012 г. N 477н \"Об утверждении перечня состояний, при которых оказывается первая помощь, и перечня мероприятий по оказанию первой помощи\"" }