{ "teory": "", "text": "Какой максимальный срок испытания может устанавливаться для работников при приеме на работу, в целях проверки их соответствия поручаемой работе? ", "correct": "4", "1": "Не более 10 дней, а для специалистов не более 20 дней.", "5": "Не более шести месяцев для любой категории работников.", "3": "Не более одного месяца, а для специалистов не более двух месяцев.", "amount": "5", "4": "Не более 3х месяцев, а для руководителей организаций и их заместителей, главных бухгалтеров и их заместителей, руководителей филиалов - шести месяцев, если иное не установлено федеральным законом.", "2": "Не более одной недели, а для специалистов не более двух недель.", "theme": "Трудовой кодекс РФ от 30.12. 2001 № 197-ФЗ. " }