{ "teory": "", "text": "С какой периодичностью проводится повторный инструктаж для работников занятых на работе с повышенной опасностью?", "correct": "3", "1": "Не реже одного раза в 6 месяцев", "3": "Не реже одного раза в три месяца", "amount": "4", "4": "Не реже одного раза в 24 месяца", "2": "Не реже двух раз в год", "theme": "Порядок обучения и инструктажи" }