{ "teory": "", "text": "Какое мероприятие из перечисленных не относится к мероприятиям по оценке обстановки и обеспечению безопасных условий для оказания первой помощи?", "correct": "2", "1": "Определение угрожающих факторов для собственной жизни и здоровья.", "5": "Извлечение пострадавшего из транспортного средства или других труднодоступных мест.", "3": "Оценка количества пострадавших.", "amount": "5", "4": "Устранение угрожающих факторов для жизни и здоровья.", "2": "Определение наличия дыхания с помощью слуха, зрения и осязания.", "theme": "Приказ Министерства здравоохранения и социального развития РФ от 4 мая 2012 г. N 477н \"Об утверждении перечня состояний, при которых оказывается первая помощь, и перечня мероприятий по оказанию первой помощи\"" }