{ "teory": "", "text": "Какие мероприятия относятся к мероприятиям по поддержанию проходимости дыхательных путей?", "correct": "1", "1": "Придание устойчивого бокового положения, запрокидывание головы с подъемом подбородка, выдвижение нижней челюсти.", "5": "Придание устойчивого бокового положения, запрокидывание головы с подъемом подбородка, выдвижение нижней челюсти, искусственное дыхание \"Рот ко рту\", искусственное дыхание \"Рот к носу\", искусственное дыхание с использованием устройства для искусственного дыхания.", "3": "Придание устойчивого бокового положения, запрокидывание головы с подъемом подбородка, выдвижение нижней челюсти, искусственное дыхание \"Рот ко рту\".", "amount": "5", "4": "Придание устойчивого бокового положения, запрокидывание головы с подъемом подбородка, выдвижение нижней челюсти, искусственное дыхание \"Рот ко рту\", искусственное дыхание \"Рот к носу\".", "2": "Придание устойчивого бокового положения, запрокидывание головы с подъемом подбородка, давление руками на грудину пострадавшего.", "theme": "Приказ Министерства здравоохранения и социального развития РФ от 4 мая 2012 г. N 477н \"Об утверждении перечня состояний, при которых оказывается первая помощь, и перечня мероприятий по оказанию первой помощи\"" }