{ "teory": "", "text": "Какие осуществляются мероприятия по оценке обстановки и обеспечению безопасных условий для оказания первой помощи?", "correct": "4", "1": "Определение угрожающих факторов для собственной жизни и здоровья; определение угрожающих факторов для жизни и здоровья пострадавшего. ", "3": "Оценка количества пострадавших; извлечение пострадавшего из транспортного средства или других труднодоступных мест; перемещение пострадавшего.", "amount": "4", "4": "Перечисленное выше.", "2": "Устранение угрожающих факторов для жизни и здоровья; прекращение действия повреждающих факторов на пострадавшего. ", "theme": "Приказ Министерства здравоохранения и социального развития РФ от 4 мая 2012 г. N 477н \"Об утверждении перечня состояний, при которых оказывается первая помощь, и перечня мероприятий по оказанию первой помощи\"" }