{ "teory": "", "text": "Какое мероприятие не относится к мероприятиям по восстановлению проходимости дыхательных путей и определению признаков жизни у пострадавшего?", "correct": "3", "1": "Запрокидывание головы с подъемом подбородка.", "3": "Определение наличия дыхания с помощью слуха, зрения и осязания.", "amount": "4", "4": "Придание устойчивого бокового положения.", "2": "Выдвижение нижней челюсти.", "theme": "Приказ Министерства здравоохранения и социального развития РФ от 4 мая 2012 г. N 477н \"Об утверждении перечня состояний, при которых оказывается первая помощь, и перечня мероприятий по оказанию первой помощи\"" }