{ "teory": "", "text": "Какие осуществляются мероприятия по проведению сердечно-легочной реанимации до появления признаков жизни?", "correct": "5", "1": "Давление руками на грудину пострадавшего.", "5": "Перечисленное выше.", "3": "Искусственное дыхание \"Рот к носу\".", "amount": "5", "4": "Искусственное дыхание с использованием устройства для искусственного дыхания.", "2": "Искусственное дыхание \"Рот ко рту\".", "theme": "Приказ Министерства здравоохранения и социального развития РФ от 4 мая 2012 г. N 477н \"Об утверждении перечня состояний, при которых оказывается первая помощь, и перечня мероприятий по оказанию первой помощи\"" }