{ "teory": "", "text": "Какие осуществляются мероприятия по поддержанию проходимости дыхательных путей?", "correct": "4", "1": "Придание устойчивого бокового положения.", "3": "Выдвижение нижней челюсти.", "amount": "4", "4": "Перечисленное выше.", "2": "Запрокидывание головы с подъемом подбородка.", "theme": "Приказ Министерства здравоохранения и социального развития РФ от 4 мая 2012 г. N 477н \"Об утверждении перечня состояний, при которых оказывается первая помощь, и перечня мероприятий по оказанию первой помощи\"" }