{ "teory": "", "text": "Относяится ли максимальное сгибание конечности в суставе и прямое давление на рану к мероприятиям по обзорному осмотру пострадавшего и временной остановке наружного кровотечения?", "correct": "2", "1": "Нет.", "3": "Только максимальное сгибание конечности в суставе.", "amount": "4", "4": "Только прямое давление на рану.", "2": "Да.", "theme": "Приказ Министерства здравоохранения и социального развития РФ от 4 мая 2012 г. N 477н \"Об утверждении перечня состояний, при которых оказывается первая помощь, и перечня мероприятий по оказанию первой помощи\"" }