{ "teory": "", "text": "Какие осуществляются мероприятия по подробному осмотру пострадавшего в целях выявления признаков травм, отравлений и других состояний, угрожающих его жизни и здоровью, и по оказанию первой помощи в случае выявления указанных состояний?", "correct": "5", "1": "Проведение осмотра головы; проведение осмотра шеи; проведение осмотра груди.", "5": "Перечисленное выше.", "3": "Наложение повязок при травмах различных областей тела, в том числе окклюзионной (герметизирующей) при ранении грудной клетки; проведение иммобилизации (с помощью подручных средств, аутоиммобилизация, с использованием изделий медицинского назначения*); фиксация шейного отдела позвоночника (вручную, подручными средствами, с использованием изделий медицинского назначения*).", "amount": "5", "4": "Прекращение воздействия опасных химических веществ на пострадавшего (промывание желудка путем приема воды и вызывания рвоты, удаление с поврежденной поверхности и промывание поврежденной поверхности проточной водой); местное охлаждение при травмах, термических ожогах и иных воздействиях высоких температур или теплового излучения; термоизоляция при отморожениях и других эффектах воздействия низких температур.", "2": "Проведение осмотра спины; проведение осмотра живота и таза; проведение осмотра конечностей.", "theme": "Приказ Министерства здравоохранения и социального развития РФ от 4 мая 2012 г. N 477н \"Об утверждении перечня состояний, при которых оказывается первая помощь, и перечня мероприятий по оказанию первой помощи\"" }