{ "teory": "", "text": "Кем утверждается инструкция о мерах пожарной безопасности для объекта?", "correct": "1", "1": "Руководителем организации, в пользовании которого на праве собственности или на ином законном основании находится объект.", "5": "Должностными лицами, указанными в ответах 1, 2 и 3.", "3": "Должностное лицо организации, которое по занимаемой должности обеспечивает соблюдение на объекте требований пожарной безопасности.", "amount": "5", "4": "Должностными лицами, указанными в ответах 1 и 2.", "2": "Главным инженером организации, в пользовании которого на праве собственности или на ином законном основании находится объект.", "theme": "Правила противопожарного режима в Российской Федерации. Утвержденны постановлением Правительства Российской Федерации от 25 апреля 2012 г. № 390." }