{ "teory": "", "text": "Для каких помещений отдельно утверждается инструкция о мерах пожарной безопасности?", "correct": "4", "1": "Для каждого пожаровзрывоопасного и пожароопасного помещения производственного назначения.", "5": "Для помещений указанных в ответах 1, 2 и 3.", "3": "Для каждого пожаровзрывоопасного и пожароопасного участка (цеха) производственного и складского назначения.", "amount": "5", "4": "Для помещений указанных в ответах 1 и 2.", "2": "Для каждого пожаровзрывоопасного и пожароопасного помещения складского назначения.", "theme": "Правила противопожарного режима в Российской Федерации. Утвержденны постановлением Правительства Российской Федерации от 25 апреля 2012 г. № 390." }