{ "teory": "", "text": "Какие несчастные случаи, происшедшие с работниками и другими лицами, участвующими в производственной деятельности работодателя, подлежат расследованию и учету в соответствии с требованиями трудового кодекса РФ? ", "correct": "5", "1": "Происшедшие при исполнении ими трудовых обязанностей или выполнении какой-либо работы по поручению работодателя (его представителя).", "5": "Перечисленные в ответах 1 и 2.", "3": "Происшедшие при следовании к месту выполнения работы или с работы.", "amount": "5", "4": "Перечисленные выше.", "2": "Происшедшие при осуществлении ими правомерных действий, обусловленных трудовыми отношениями с работодателем либо совершаемых в его интересах.", "theme": "Трудовой кодекс РФ от 30.12. 2001 № 197-ФЗ. " }