{ "teory": "", "text": "Разрешается ли требовать от работника выполнения работы, не обусловленной трудовым договором? ", "correct": "1", "1": "Запрещается, за исключением случаев, предусмотренных Трудовым Кодексом и иными федеральными законами.", "3": "Разрешается по согласованию с профсоюзной организацией и после соответствующего инструктажа.", "amount": "4", "4": "Разрешается в случаях изменения организационных или технологических условий труда.", "2": "Разрешается, после соответствующего обучения и инструктажа.", "theme": "Трудовой кодекс РФ от 30.12. 2001 № 197-ФЗ. " }