{ "teory": "", "text": "Когда проводится повторный инструктаж, если работник отсутствовал в день проведения повторного инструктажа, по каким-либо уважительным причинам", "correct": "1", "1": "В день выхода на работу до начала выполнения работ", "5": "До прохождения стажировки", "3": "После допуска к самостоятельной работе", "amount": "5", "4": "После отпуска", "2": "После стажировки", "theme": "Порядок обучения и инструктажи" }