{ "teory": "", "text": "После прохождения какого обучения лица допускаются к работе на объекте? ", "correct": "1", "1": "После прохождения обучения мерам пожарной безопасности.", "3": "После прохождения обучения по промышленной безопасности.", "amount": "4", "4": "После прохождения обучений указанных в ответах 1 и 2.", "2": "После прохождения обучения по предупреждению и тушению возможных пожаров на объекте.", "theme": "Правила противопожарного режима в Российской Федерации. Утвержденны постановлением Правительства Российской Федерации от 25 апреля 2012 г. № 390." }