{ "teory": "", "text": "Каким путем осуществляется обучение лиц мерам пожарной безопасности? ", "correct": "4", "1": "Путем проведения противопожарного инструктажа.", "5": "Обучение лиц мерам пожарной безопасности осуществляется путем указанными в ответах 1, 2 и 3.", "3": "Путем прохождения повышения квалификации в области пожарной безопасности.", "amount": "5", "4": "Обучение лиц мерам пожарной безопасности осуществляется путем указанными в ответах 1 и 2.", "2": "Путем прохождения пожарно-технического минимума.", "theme": "Правила противопожарного режима в Российской Федерации. Утвержденны постановлением Правительства Российской Федерации от 25 апреля 2012 г. № 390." }