{ "teory": "", "text": "Кто назначает лиц, ответственных за пожарную безопасность, которые обеспечивают соблюдение требований пожарной безопасности на объекте? ", "correct": "1", "1": "Руководитель организации.", "3": "Главный инженер по согласованию с инженером по охране труда.", "amount": "4", "4": "Руководитель организации по согласованию с инспектором по пожарному надзору.", "2": "Главный инженер по согласованию с инженером пожарной безопасности.", "theme": "Правила противопожарного режима в Российской Федерации. Утвержденны постановлением Правительства Российской Федерации от 25 апреля 2012 г. № 390." }