{ "teory": "", "text": "На каких объектах руководитель организации может создавать пожарно-техническую комиссию? ", "correct": "4", "1": "На производственных объектах.", "5": "На объектах указанных в ответах 1 и 3.", "3": "На складских объектах.", "amount": "5", "4": "На объектах указанных в ответах 1 и 2.", "2": "На объектах, на которых может одновременно находиться 50 и более человек, то есть с массовым пребыванием людей.", "theme": "Правила противопожарного режима в Российской Федерации. Утвержденны постановлением Правительства Российской Федерации от 25 апреля 2012 г. № 390." }