{ "teory": "", "text": "В каких целях руководитель организации создает на производственных объектах и объектах, на которых может одновременно находиться 50 и более человек пожарно-технические комиссии? ", "correct": "1", "1": "В целях организации и осуществления работ по предупреждению пожаров.", "amount": "2", "2": "В целях привлечения работников организации к работе по предупреждению и борьбе с пожарами.", "theme": "Правила противопожарного режима в Российской Федерации. Утвержденны постановлением Правительства Российской Федерации от 25 апреля 2012 г. № 390." }