{ "teory": "", "text": "В каких помещениях и местах руководитель организации обеспечивает наличие табличек с номером телефона для вызова пожарной охраны? ", "correct": "5", "1": "В складских и производственных помещениях.", "5": "В помещениях и местах указанных в ответах 1, 2 и 3.", "3": "В местах открытого хранения веществ и материалов, а также в местах размещения технологических установок.", "amount": "5", "4": "В помещениях и местах указанных в ответах 1 и 3.", "2": "В административных и общественных помещениях.", "theme": "Правила противопожарного режима в Российской Федерации. Утвержденны постановлением Правительства Российской Федерации от 25 апреля 2012 г. № 390." }