{ "teory": "", "text": "На каких объектах руководитель организации обеспечивает наличие планов эвакуации людей при пожаре? ", "correct": "3", "1": "На объектах с массовым пребыванием людей (кроме жилых домов).", "3": "На объектах с массовым пребыванием людей (кроме жилых домов), а также на объектах с рабочими местами на этаже для 10 и более человек.", "amount": "4", "4": "На объектах с массовым пребыванием людей (кроме жилых домов), а также на объектах с рабочими местами на этаже для 20 и более человек.", "2": "На объектах с рабочими местами на этаже для 10 и более человек.", "theme": "Правила противопожарного режима в Российской Федерации. Утвержденны постановлением Правительства Российской Федерации от 25 апреля 2012 г. № 390." }