{ "teory": "", "text": "Чем обеспечивает руководитель организации объект с ночным пребыванием людей? ", "correct": "5", "1": "Инструкцией о порядке действий обслуживающего персонала на случай возникновения пожара в дневное и ночное время.", "5": "Перечисленное выше.", "3": "Электрическими фонарями (не менее 1 фонаря на каждого дежурного).", "amount": "5", "4": "Средствами индивидуальной защиты органов дыхания и зрения человека от токсичных продуктов горения.", "2": "Телефонной связью.", "theme": "Правила противопожарного режима в Российской Федерации. Утвержденны постановлением Правительства Российской Федерации от 25 апреля 2012 г. № 390." }