{ "teory": "", "text": "С какой периодичностью руководитель организации проводит практические тренировки лиц, осуществляющих свою деятельность на объекте с массовым пребыванием людей? ", "correct": "1", "1": "Не реже 1 раза в полугодие.", "3": "Не реже 1 раза в три месяца.", "amount": "4", "4": "Не реже 1 раза в месяц.", "2": "Не реже 1 раза в год.", "theme": "Правила противопожарного режима в Российской Федерации. Утвержденны постановлением Правительства Российской Федерации от 25 апреля 2012 г. № 390." }