{ "teory": "", "text": "Разрешается ли курение на территории и в помещениях складов и баз, на объектах торговли, добычи, переработки и хранения легковоспламеняющихся и горючих жидкостей и горючих газов, на объектах производства всех видов взрывчатых веществ, на пожаровзрывоопасных и пожароопасных участках? ", "correct": "1", "1": "Запрещается.", "3": "Разрешается на основании приказа по предприятию.", "amount": "4", "4": "Разрешается при выполнении условий, указанных в ответах 2 и 3.", "2": "Разрешается в специально отведенных и оборудованных на этой территории местах.", "theme": "Правила противопожарного режима в Российской Федерации. Утвержденны постановлением Правительства Российской Федерации от 25 апреля 2012 г. № 390." }