{ "teory": "", "text": "В каких случаях проводится внеплановый инструктаж?", "correct": "5", "1": "В случае изменений в эксплуатации оборудования, технологических процессах, использовании сырья и материалов, влияющими на безопасность труда", "5": "Все вышеперечисленное", "3": "В случае изменений нормативных правовых актов, содержащих государственные нормативные требования охраны труда, затрагивающими непосредственно трудовые функции работника, а также изменениями локальных нормативных актов организации, затрагивающими требования охраны труда в организации;", "amount": "5", "4": "В случае выявлений дополнительных к имеющимся на рабочем месте производственных факторов и источников опасности в рамках проведения специальной оценки условий труда и оценки профессиональных рисков соответственно, представляющих угрозу жизни и здоровью работников", "2": "В случае изменений должностных (функциональных) обязанностей работников, непосредственно связанных с осуществлением производственной деятельности, влияющими на безопасность труда;", "theme": "Порядок обучения и инструктажи" }