{ "teory": "", "text": "Допускается ли временный перевод работника без его согласия на не обусловленную трудовым договором работу у того же работодателя?", "correct": "4", "1": "Не допускается.", "5": "Допускается в случаях, указанных в ответе 4 по согласованию с профсоюзной организацией.", "3": "Допускается в случаях простоя, необходимости предотвращения уничтожения или порчи имущества либо замещения временно отсутствующего работника, если это вызвано обстоятельствами, указанными в ответе 2. ", "amount": "5", "4": "Допускается в случаях, указанных в ответах 2 и 3.", "2": "Допускается в случае катастрофы природного или техногенного характера, производственной аварии, несчастного случая на производстве, пожара, наводнения, голода, землетрясения, эпидемии или эпизоотии.", "theme": "Трудовой кодекс РФ от 30.12. 2001 № 197-ФЗ. " }