{ "teory": "", "text": "Каким знаком пожарной безопасности обозначаются места, специально отведенные для курения табака? ", "correct": "1", "1": "Знак пожарной безопасности \"Место для курения\".", "3": "Знак пожарной безопасности \"Пользование открытым огнем разрешено\".", "amount": "4", "4": "Знаки пожарной безопасности указанные в ответах 1 и 3.", "2": "Знак пожарной безопасности \"Курение табака и пользование открытым огнем запрещено\".", "theme": "Правила противопожарного режима в Российской Федерации. Утвержденны постановлением Правительства Российской Федерации от 25 апреля 2012 г. № 390." }