{ "teory": "", "text": "Какие мероприятия осуществляются на территориях поселений и городских округов, садоводческих, огороднических и дачных некоммерческих объединений граждан и на предприятиях на период устойчивой сухой, жаркой и ветреной погоды, а также при введении особого противопожарного режима? ", "correct": "5", "1": "Вводится запрет на разведение костров, проведение пожароопасных работ на определенных участках, на топку печей, кухонных очагов и котельных установок.", "5": "Перечисленное выше.", "3": "Подготавливается для возможного использования в тушении пожаров имеющиеся водовозная и землеройная техника.", "amount": "5", "4": "Проводиться соответствующая разъяснительная работа с гражданами о мерах пожарной безопасности и действиях при пожаре.", "2": "Организуется патрулирование добровольными пожарными и (или) гражданами Российской Федерации.", "theme": "Правила противопожарного режима в Российской Федерации. Утвержденны постановлением Правительства Российской Федерации от 25 апреля 2012 г. № 390." }