{ "teory": "", "text": "Разрешается ли на территориях, прилегающих к объектам, в том числе к жилым домам, а также к объектам садоводческих, огороднических и дачных некоммерческих объединений граждан, оставлять емкости с легковоспламеняющимися и горючими жидкостями, горючими газами? ", "correct": "1", "1": "Запрещается.", "3": "Разрешается при соблюдении противопожарных разрывов.", "amount": "4", "4": "Разрешается при соблюдении требований, перечисленных в ответах 2 и 3.", "2": "Разрешается под контролем персонала.", "theme": "Правила противопожарного режима в Российской Федерации. Утвержденны постановлением Правительства Российской Федерации от 25 апреля 2012 г. № 390." }