{ "teory": "", "text": "Наличие, каких обозначений должен обеспечивать руководитель организации на дверях помещений производственного и складского назначения и наружных установках в соответствии с Федеральным законом \"Технический регламент о требованиях пожарной безопасности\"?", "correct": "5", "1": "Наличие обозначений категорий по взрывопожарной и пожарной опасности.", "5": "Наличие обозначений перечисленных в ответах 1 и 2.", "3": "Наличие таблички материально ответственного лица.", "amount": "5", "4": "Перечисленное выше.", "2": "Наличие обозначений классификации пожароопасных и взрывоопасных зон.", "theme": "Правила противопожарного режима в Российской Федерации. Утвержденны постановлением Правительства Российской Федерации от 25 апреля 2012 г. № 390." }