{ "teory": "", "text": "Что должен обеспечивать руководитель организации при нарушении огнезащитных покрытий (штукатурки, специальных красок, лаков, обмазок) строительных конструкций, горючих отделочных и теплоизоляционных материалов, воздуховодов, металлических опор оборудования и эстакад? ", "correct": "1", "1": "Обеспечивает устранение нарушений.", "3": "Обеспечивает помещение дополнительными первичными средствами пожаротушения.", "amount": "3", "2": "Обеспечивает включение мероприятий по устранению нарушений в план капитального ремонта.", "theme": "Правила противопожарного режима в Российской Федерации. Утвержденны постановлением Правительства Российской Федерации от 25 апреля 2012 г. № 390." }