{ "teory": "", "text": "С какой периодичностью руководитель организации осуществляет проверку качества огнезащитной обработки (пропитки)? ", "correct": "4", "1": "С периодичностью указанной в инструкции завода-изготовителя огнезащитной обработки (пропитки).", "5": "С периодичностью указанной в ответах 1 и 3.", "3": "Не реже 1 раз в год при отсутствии в инструкции огнезащитной обработки (пропитки) сроков периодичности.", "amount": "5", "4": "С периодичностью указанной в ответах 1 и 2.", "2": "Не реже 2 раз в год при отсутствии в инструкции огнезащитной обработки (пропитки) сроков периодичности.", "theme": "Правила противопожарного режима в Российской Федерации. Утвержденны постановлением Правительства Российской Федерации от 25 апреля 2012 г. № 390." }