{ "teory": "", "text": "Разрешается ли хранить и применять на чердаках, в подвалах и цокольных этажах легковоспламеняющиеся и горючие жидкости, порох, взрывчатые вещества, баллоны с горючими газами и другие пожаровзрывоопасные вещества и материалы? ", "correct": "1", "1": "Запрещается.", "3": "Разрешается только с согласования руководителя организации.", "amount": "4", "4": "Разрешается", "2": "Разрешается только с согласования с ГПС.", "theme": "Правила противопожарного режима в Российской Федерации. Утвержденны постановлением Правительства Российской Федерации от 25 апреля 2012 г. № 390." }