{ "teory": "", "text": "Разрешается ли использовать чердаки, технические этажи, вентиляционные камеры и другие технические помещения для организации производственных участков, мастерских, а также для хранения продукции, оборудования, мебели и других предметов? ", "correct": "1", "1": "Запрещается", "3": "Разрешается только с согласования руководителя организации.", "amount": "4", "4": "Разрешается.", "2": "Разрешается только с согласования с ГПС.", "theme": "Правила противопожарного режима в Российской Федерации. Утвержденны постановлением Правительства Российской Федерации от 25 апреля 2012 г. № 390." }