{ "teory": "", "text": "Разрешается ли устраивать в подвалах и цокольных этажах мастерские, а также размещать иные хозяйственные помещения, если нет самостоятельного выхода или выход из них не изолирован противопожарными преградами от общих лестничных клеток? ", "correct": "1", "1": "Запрещается.", "3": "Разрешается только с согласования руководителя организации.", "amount": "4", "4": "Разрешается.", "2": "Разрешается только с согласования с ГПС.", "theme": "Правила противопожарного режима в Российской Федерации. Утвержденны постановлением Правительства Российской Федерации от 25 апреля 2012 г. № 390." }