{ "teory": "", "text": "Разрешается ли снимать предусмотренные проектной документацией двери эвакуационных выходов из поэтажных коридоров, холлов, фойе, тамбуров и лестничных клеток, другие двери, препятствующие распространению опасных факторов пожара на путях эвакуации? ", "correct": "1", "1": "Запрещается.", "3": "Разрешается только с согласования с ГПС.", "amount": "4", "4": "Разрешается.", "2": "Разрешается только с согласования руководителя организации.", "theme": "Правила противопожарного режима в Российской Федерации. Утвержденны постановлением Правительства Российской Федерации от 25 апреля 2012 г. № 390." }