{ "teory": "", "text": "В каких случаях проводится внеплановый инструктаж?", "correct": "5", "1": "В случае с требованиями должностных лиц федеральной инспекции труда при установлении нарушений требований охраны труда;", "5": "Все вышеперечисленное", "3": "В случае перерыва в работе продолжительностью более 60 календарных дней;", "amount": "5", "4": "В случае решения генерального директора\/начальника филиала.", "2": "В случае произошедших аварий и несчастных случаях на производстве;", "theme": "Порядок обучения и инструктажи" }