{ "teory": "", "text": "Назовите общие основания прекращения трудового договора? ", "correct": "5", "1": "Соглашение сторон, истечение срока трудового договора, за исключением случаев, когда трудовые отношения фактически продолжаются и ни одна из сторон не потребовала их прекращения.", "5": "Указанные в ответе 4, а также отказ работника от перевода на другую работу, необходимого ему в соответствии с медицинским заключением.", "3": "Отказ работника от продолжения работы в связи со сменой собственника имущества организации, с изменением подведомственности (подчиненности) организации либо ее реорганизацией.", "amount": "5", "4": "Перечисленные выше, а также отказ работника от продолжения работы в связи с изменением определенных сторонами условий трудового договора.", "2": "Расторжение трудового договора по инициативе работника или работодателя, перевод работника по его просьбе или с его согласия на работу к другому работодателю или переход на выборную работу (должность)", "theme": "Трудовой кодекс РФ от 30.12. 2001 № 197-ФЗ. " }