{ "teory": "", "text": "Разрешается ли производить изменение объемно-планировочных решений в результате которых ограничивается доступ к огнетушителям, пожарным кранам и другим системам обеспечения пожарной безопасности или уменьшается зона действия автоматических систем противопожарной защиты? ", "correct": "1", "1": "Запрещается.", "3": "Разрешается только с согласования с ГПС.", "amount": "4", "4": "Разрешается.", "2": "Разрешается только с согласования руководителя организации.", "theme": "Правила противопожарного режима в Российской Федерации. Утвержденны постановлением Правительства Российской Федерации от 25 апреля 2012 г. № 390." }