{ "teory": "", "text": "Разрешается ли устраивать в лестничных клетках и поэтажных коридорах кладовые и другие подсобные помещения, а также хранить под лестничными маршами и на лестничных площадках вещи, мебель и другие горючие материалы? ", "correct": "1", "1": "Запрещается.", "3": "Разрешается только с согласования с ГПС.", "amount": "4", "4": "Разрешается.", "2": "Разрешается только с согласования руководителя организации.", "theme": "Правила противопожарного режима в Российской Федерации. Утвержденны постановлением Правительства Российской Федерации от 25 апреля 2012 г. № 390." }