{ "teory": "", "text": "С какой периодичностью руководитель организации организовывает проведение эксплуатационных испытаний пожарных лестниц и ограждений на крышах с составлением соответствующего акта испытаний? ", "correct": "3", "1": "Не реже 1 раза в 1 год.", "3": "Не реже 1 раза в 5 лет.", "amount": "4", "4": "Не реже 1 раза в 10 лет.", "2": "Не реже 1 раза в 2 год.", "theme": "Правила противопожарного режима в Российской Федерации. Утвержденны постановлением Правительства Российской Федерации от 25 апреля 2012 г. № 390." }