{ "teory": "", "text": "Допускается ли в помещениях с одним эвакуационным выходом одновременное пребывание более 50 человек?", "correct": "5", "1": "Не допускается.", "5": "Не допускается, кроме зданий IV и V степени огнестойкости в которых одновременное пребывание более 50 человек допускается только в помещениях 1-го этажа.", "3": "Допускается только с согласования руководителя организации.", "amount": "5", "4": "Разрешается только с согласования с ГПС.", "2": "Допускается.", "theme": "Правила противопожарного режима в Российской Федерации. Утвержденны постановлением Правительства Российской Федерации от 25 апреля 2012 г. № 390." }