{ "teory": "", "text": "В каком виде должны быть приямки у оконных проемов подвальных и цокольных этажей зданий (сооружений)? ", "correct": "1", "1": "Очищены от мусора и посторонних предметов.", "3": "Защищены сплошным негорючим материалом от попадания мусора и посторонних предметов.", "amount": "3", "2": "Закрыты решеткой.", "theme": "Правила противопожарного режима в Российской Федерации. Утвержденны постановлением Правительства Российской Федерации от 25 апреля 2012 г. № 390." }