{ "teory": "", "text": "С какой периодичностью руководитель организации обеспечивает удаление использованных обтирочных материалов из контейнеров?", "correct": "1", "1": "По окончании рабочей смены.", "3": "Один раз в месяц.", "amount": "4", "4": "По мере заполнения контейнера.", "2": "Один раз в неделю.", "theme": "Правила противопожарного режима в Российской Федерации. Утвержденны постановлением Правительства Российской Федерации от 25 апреля 2012 г. № 390." }