{ "teory": "", "text": "Как должна храниться специальная одежда лиц, работающих с маслами, лаками, красками и другими легковоспламеняющимися и горючими жидкостями? ", "correct": "1", "1": "В подвешенном виде в металлических шкафах, установленных в специально отведенных для этой цели местах.", "3": "В специально оборудованном, хорошо проветриваемом помещении.", "amount": "4", "4": "В подвешенном виде в специальном шкафу, оборудованном вытяжкой.", "2": "Аккуратно сложенной в металлических шкафах, установленных в специально отведенном для этой цели месте.", "theme": "Правила противопожарного режима в Российской Федерации. Утвержденны постановлением Правительства Российской Федерации от 25 апреля 2012 г. № 390." }