{ "teory": "", "text": "Что обеспечивает руководитель организации при эксплуатации эвакуационных путей и выходов? ", "correct": "5", "1": "Соблюдение проектных решений.", "5": "Соблюдение требований, указанных в ответах 1, 2 и 3.", "3": "Соблюдение требований нормативных документов по пожарной безопасности по наличию на путях эвакуации знаков пожарной безопасности.", "amount": "5", "4": "Соблюдение требований, указанных в ответах 1 и 2.", "2": "Соблюдение требований нормативных документов по пожарной безопасности по освещенности, количеству, размерам и объемно-планировочным решениям эвакуационных путей и выходов.", "theme": "Правила противопожарного режима в Российской Федерации. Утвержденны постановлением Правительства Российской Федерации от 25 апреля 2012 г. № 390." }