{ "teory": "", "text": "Как должны открываться двери на путях эвакуации из здания?", "correct": "3", "1": "Наружу по направлению выхода из здания.", "3": "Наружу по направлению выхода из здания, за исключением дверей, направление открывания которых не нормируется требованиями нормативных документов по пожарной безопасности или к которым предъявляются особые требования.", "amount": "3", "2": "Внутрь не по направлению выхода из здания.", "theme": "Правила противопожарного режима в Российской Федерации. Утвержденны постановлением Правительства Российской Федерации от 25 апреля 2012 г. № 390." }