{ "teory": "", "text": "Как должны открываться изнутри запоры на дверях эвакуационных выходов? ", "correct": "1", "1": "Свободно без ключа.", "amount": "2", "2": "Свободно с помощью ключа.", "theme": "Правила противопожарного режима в Российской Федерации. Утвержденны постановлением Правительства Российской Федерации от 25 апреля 2012 г. № 390." }