{ "teory": "", "text": "Прекращается ли действие срочного трудового договора по истечении срока, на который он был заключен? ", "correct": "1", "1": "Прекращается.", "5": "В случаях указанных в ответах 2 и 4.", "3": "Продолжается, если работник подтвердил свое желание продлить действие договора.", "amount": "5", "4": "Продолжается, если работник не был предупрежден в письменной форме не менее чем за 3 дня до увольнения.", "2": "Продолжается, если ни одна из сторон не потребовала прекращения трудовых отношений.", "theme": "Трудовой кодекс РФ от 30.12. 2001 № 197-ФЗ. " }