{ "teory": "", "text": "Когда проводится внеплановый инструктаж, если работник отсутствовал в день проведения внепланового инструктажа, по каким-либо уважительным причинам", "correct": "1", "1": "В день выхода на работу", "5": "До прохождения стажировки", "3": "После сдачи экзамена по охране труда", "amount": "5", "4": "После отпуска", "2": "После стажировки", "theme": "Порядок обучения и инструктажи" }