{ "teory": "", "text": "Разрешается ли при эксплуатации эвакуационных путей, эвакуационных и аварийных выходов устраивать пороги на путях эвакуации (за исключением порогов в дверных проемах), раздвижные и подъемно-опускные двери и ворота, вращающиеся двери и турникеты, а также другие устройства, препятствующие свободной эвакуации людей? ", "correct": "2", "1": "Разрешается.", "3": "Разрешается только с согласования руководителя организации.", "amount": "4", "4": "Разрешается только с согласования с ГПН.", "2": "Запрещается.", "theme": "Правила противопожарного режима в Российской Федерации. Утвержденны постановлением Правительства Российской Федерации от 25 апреля 2012 г. № 390." }