{ "teory": "", "text": "Разрешается ли при эксплуатации эвакуационных путей, эвакуационных и аварийных выходов загромождать эвакуационные пути и выходы различными материалами, изделиями, оборудованием, производственными отходами, мусором и другими предметами, а также блокировать двери эвакуационных выходов? ", "correct": "2", "1": "Разрешается.", "3": "Разрешается только с согласования руководителя организации.", "amount": "4", "4": "Разрешается только с согласования с ГПН.", "2": "Запрещается.", "theme": "Правила противопожарного режима в Российской Федерации. Утвержденны постановлением Правительства Российской Федерации от 25 апреля 2012 г. № 390." }