{ "teory": "", "text": "В каком состоянии должны находиться ковры, ковровые дорожки и другие покрытия полов на объектах с массовым пребыванием людей и на путях эвакуации? ", "correct": "2", "1": "Свободно лежать на полу.", "amount": "2", "2": "Надежно крепиться к полу.", "theme": "Правила противопожарного режима в Российской Федерации. Утвержденны постановлением Правительства Российской Федерации от 25 апреля 2012 г. № 390." }