{ "teory": "", "text": "Разрешается ли прокладка и эксплуатация воздушных линий электропередачи над горючими кровлями, навесами, а также открытыми складами (штабелями, скирдами и др.) горючих веществ, материалов и изделий? ", "correct": "1", "1": "Запрещается.", "5": "Разрешается при выполнении условий, перечисленных в ответах 2 и 3, по согласованию с лицом, ответственным за электрохозяйство организации.", "3": "Разрешается прокладка кабелем с двойной изоляцией.", "amount": "5", "4": "Разрешается при выполнении условий, перечисленных в ответах 2 и 3.", "2": "Разрешается прокладка временных в аварийных случаях на период светового дня, под непрерывным надзором обслуживающего персонала.", "theme": "Правила противопожарного режима в Российской Федерации. Утвержденны постановлением Правительства Российской Федерации от 25 апреля 2012 г. № 390." }