{ "teory": "", "text": "Разрешается ли эксплуатировать электропровода и кабели с видимыми нарушениями изоляции и пользоваться розетками, рубильниками, другими электроустановочными изделиями с повреждениями? ", "correct": "1", "1": "Запрещается.", "3": "Разрешается после проведения противопожарного инструктажа с записью в журнале.", "amount": "3", "2": "Разрешается.", "theme": "Правила противопожарного режима в Российской Федерации. Утвержденны постановлением Правительства Российской Федерации от 25 апреля 2012 г. № 390." }