{ "teory": "", "text": "Разрешается ли использовать временную электропроводку, а также удлинители для питания электроприборов, не предназначенных для проведения аварийных и других временных работ?", "correct": "1", "1": "Запрещается.", "5": "Разрешается при выполнении условий, перечисленных в ответах 3 и 4.", "3": "Разрешается только после проведения противопожарного инструктажа с записью в журнале.", "amount": "5", "4": "Разрешается только с согласования руководителя организации.", "2": "Разрешается.", "theme": "Правила противопожарного режима в Российской Федерации. Утвержденны постановлением Правительства Российской Федерации от 25 апреля 2012 г. № 390." }