{ "teory": "", "text": "Что запрещается при эксплуатации систем вентиляции и кондиционирования воздуха? ", "correct": "4", "1": "Оставлять двери вентиляционных камер открытыми и закрывать вытяжные каналы, отверстия и решетки.", "5": "Действия указанные в ответах 1 и 2.", "3": "Подключать к воздуховодам газовые отопительные приборы.", "amount": "5", "4": "Указанное выше.", "2": "Выжигать скопившиеся в воздуховодах жировые отложения, пыль и другие горючие вещества.", "theme": "Правила противопожарного режима в Российской Федерации. Утвержденны постановлением Правительства Российской Федерации от 25 апреля 2012 г. № 390." }