{ "teory": "", "text": "В соответствии с каким документом руководитель организации обеспечивает проверку огнезадерживающих устройств (заслонок, шиберов, клапанов) в воздуховодах, устройств блокировки вентиляционных систем с автоматическими установками пожарной сигнализации или пожаротушения, автоматических устройств отключения вентиляции при пожаре?", "correct": "1", "1": "В соответствии с инструкцией завода-изготовителя.", "3": "В соответствии с приказом по организации.", "amount": "4", "4": "В соответствии с проектом на вентиляционные системы.", "2": "В соответствии с Правилами противопожарного режима в РФ.", "theme": "Правила противопожарного режима в Российской Федерации. Утвержденны постановлением Правительства Российской Федерации от 25 апреля 2012 г. № 390." }