{ "teory": "", "text": "Кто определяет порядок и сроки проведения работ по очистке вентиляционных камер, циклонов, фильтров и воздуховодов от горючих отходов? ", "correct": "1", "1": "Руководитель организации.", "3": "Инспектор по пожарной безопасности.", "amount": "4", "4": "Руководитель организации по согласованию с ГПН.", "2": "Инженер по охране труда.", "theme": "Правила противопожарного режима в Российской Федерации. Утвержденны постановлением Правительства Российской Федерации от 25 апреля 2012 г. № 390." }