{ "teory": "", "text": "Назовите условия расторжения трудового договора по инициативе работника (по собственному желанию).", "correct": "1", "1": "Предупредив об этом работодателя в письменной форме не позднее чем за две недели или по соглашению между работником и работодателем до истечения срока предупреждения об увольнении.", "5": "Перечисленные в ответах 2 и 3.", "3": "По договоренности между работником и работодателем в любое время, или предупредив работодателя письменно за один месяц, (по уважительным причинам-2 недели).", "amount": "5", "4": "Перечисленные в ответах 1 и 2.", "2": "Если увольнение обусловлено невозможностью продолжения работы работником (зачисление в образовательное учреждение, выход на пенсию и другие случаи) - в срок, указанный в заявлении работника.", "theme": "Трудовой кодекс РФ от 30.12. 2001 № 197-ФЗ. " }