{ "teory": "", "text": "Где регистрируется внеплановый инструктаж?", "correct": "2", "1": "В журнале регистрации вводного инструктажа", "3": "В оперативном журнале", "amount": "4", "4": "В удостоверении по охране труда", "2": "В личной карточке регистрации инструктажа", "theme": "Порядок обучения и инструктажи" }