{ "teory": "", "text": "Укажите сроки проведения работ по очистке вентиляционных камер, циклонов, фильтров и воздуховодов от горючих отходов. ", "correct": "2", "1": "Не реже 2 раза в год.", "3": "Не реже 1 раза в 2 года.", "amount": "4", "4": "Не реже 1 раза в 5 лет.", "2": "Не реже 1 раза в год.", "theme": "Правила противопожарного режима в Российской Федерации. Утвержденны постановлением Правительства Российской Федерации от 25 апреля 2012 г. № 390." }