{ "teory": "", "text": "Разрешается ли слив легковоспламеняющихся и горючих жидкостей в канализационные сети? ", "correct": "5", "1": "Разрешается в аварийных ситуациях.", "5": "Запрещается.", "3": "Разрешается при обильном разбавлении ЛВЖ и ГЖ водой.", "amount": "5", "4": "Разрешается в выше перечисленных случаях и только в сети промышленных предприятий.", "2": "Разрешается при угрозе расширения очага пожара.", "theme": "Правила противопожарного режима в Российской Федерации. Утвержденны постановлением Правительства Российской Федерации от 25 апреля 2012 г. № 390." }