{ "teory": "", "text": "Назовите периодичность проведения проверок на работоспособность сетей наружного и внутреннего противопожарного водопровода? ", "correct": "1", "1": "Не реже 2 раз в год (весной и осенью).", "5": "В сроки, определенные приказом по организации.", "3": "Не реже 1 раза в год (осенью).", "amount": "5", "4": "Через каждые 10 дней.", "2": "Не реже 1 раза в квартал.", "theme": "Правила противопожарного режима в Российской Федерации. Утвержденны постановлением Правительства Российской Федерации от 25 апреля 2012 г. № 390." }