{ "teory": "", "text": "Что необходимо предпринять руководителю организации при отключении участков водопроводной сети и пожарных гидрантов, а также при уменьшении давления в водопроводной сети ниже требуемого? ", "correct": "2", "1": "Обеспечить постоянное дежурство персонала на пожароопасных производствах.", "3": "Привести в готовность все имеющиеся силы и средства пожаротушения (пожарная машина, мотопомпа и др.).", "amount": "4", "4": "Перечисленное выше.", "2": "Известить об этом подразделение пожарной охраны.", "theme": "Правила противопожарного режима в Российской Федерации. Утвержденны постановлением Правительства Российской Федерации от 25 апреля 2012 г. № 390." }