{ "teory": "", "text": "Каким пожарным оборудованием руководитель организации укомплектовывает пожарные краны внутреннего противопожарного водопровода? ", "correct": "5", "1": "Пожарными рукавами.", "5": "Пожарным оборудованием указанном в ответах 1 и 2.", "3": "Огнетушителями.", "amount": "5", "4": "Пожарным оборудованием перечисленным выше.", "2": "Ручными пожарными стволами и вентилями.", "theme": "Правила противопожарного режима в Российской Федерации. Утвержденны постановлением Правительства Российской Федерации от 25 апреля 2012 г. № 390." }