{ "teory": "", "text": "Какова периодичность перемотки пожарных рукавов внутреннего противопожарного водопровода? ", "correct": "2", "1": "Не реже 2 раз в год (весной и осенью).", "3": "Не реже 1 раза в 2 года.", "amount": "3", "2": "Не реже 1 раза в год.", "theme": "Правила противопожарного режима в Российской Федерации. Утвержденны постановлением Правительства Российской Федерации от 25 апреля 2012 г. № 390." }