{ "teory": "", "text": "Какова периодичность проведения проверок работоспособности пожарных насосов-повысителей ", "correct": "1", "1": "Ежемесячно.", "3": "Не реже 2 раз в год.", "amount": "4", "4": "Не реже 1 раз в год.", "2": "Не реже 1 раз в 3 месяца.", "theme": "Правила противопожарного режима в Российской Федерации. Утвержденны постановлением Правительства Российской Федерации от 25 апреля 2012 г. № 390." }