{ "teory": "", "text": "Разрешается ли использовать для хозяйственных или производственных целей запас воды, предназначенный для нужд пожаротушения? ", "correct": "5", "1": "Разрешается.", "5": "Запрещается.", "3": "Разрешается с согласования руководителя организации.", "amount": "5", "4": "Разрешается при выполнении условий, перечисленных в ответах 2 и 3.", "2": "Разрешается в аварийных ситуациях.", "theme": "Правила противопожарного режима в Российской Федерации. Утвержденны постановлением Правительства Российской Федерации от 25 апреля 2012 г. № 390." }