{ "teory": "", "text": "Какая документация должна храниться на объекте на установки и системы противопожарной защиты объекта? ", "correct": "1", "1": "Исполнительная документация.", "3": "Нормативная документация по техническому обслуживанию.", "amount": "3", "2": "Техническая документация.", "theme": "Правила противопожарного режима в Российской Федерации. Утвержденны постановлением Правительства Российской Федерации от 25 апреля 2012 г. № 390." }