{ "teory": "", "text": "Разрешается ли перевод установок с автоматического пуска на ручной пуск? ", "correct": "4", "1": "Запрещается.", "3": "Разрешается только с согласования с ГПС.", "amount": "4", "4": "Запрещается, за исключением случаев, предусмотренных нормативными документами по пожарной безопасности.", "2": "Разрешается.", "theme": "Правила противопожарного режима в Российской Федерации. Утвержденны постановлением Правительства Российской Федерации от 25 апреля 2012 г. № 390." }