{ "teory": "", "text": "Какова продолжительность ежегодного основного оплачиваемого отпуска, предоставляемого работникам?", "correct": "3", "1": "24 рабочих дня.", "5": "Пропорционально отработанному времени.", "3": "28 календарных дней.", "amount": "5", "4": "15 рабочих дней.", "2": "18 рабочих дней.", "theme": "Трудовой кодекс РФ от 30.12. 2001 № 197-ФЗ. " }