{ "teory": "", "text": "В каких случаях проводится целевой инструктаж?", "correct": "5", "1": "Перед проведением работ, выполнение которых допускается только под непрерывным контролем руководителя, работ повышенной опасности, в том числе работ, на производство которых в соответствии с нормативными правовыми актами требуется оформление наряда-допуска и других распорядительных документов на производство работ", "5": "Все вышеперечисленное", "3": "Перед выполнением работ, не относящихся к основному технологическому процессу и не предусмотренных должностными (производственными) инструкциями, в том числе вне цеха, участка, погрузочно-разгрузочных работ, работ по уборке территорий, работ на проезжей части дорог и на железнодорожных путях", "amount": "5", "4": "Перед выполнением работ по ликвидации последствий чрезвычайных ситуаций", "2": "Перед выполнением работ на объектах повышенной опасности, а также непосредственно на проезжей части автомобильных дорог или железнодорожных путях, связанных с прямыми обязанностями работника, на которых требуется соблюдение дополнительных требований охраны труда", "theme": "Порядок обучения и инструктажи" }