{ "teory": "", "text": "Каким оборудованием обеспечивается диспетчерский пункт (пожарный пост)? ", "correct": "5", "1": "Телефонной связью.", "5": "Оборудованием указанном в ответах 1 и 2.", "3": "Противопожарным инвентарем.", "amount": "5", "4": "Оборудованием указанном выше.", "2": "Ручными электрическими фонарями.", "theme": "Правила противопожарного режима в Российской Федерации. Утвержденны постановлением Правительства Российской Федерации от 25 апреля 2012 г. № 390." }