{ "teory": "", "text": "Что должны иметь пожарные депо или специально предназначенные для этих целей боксы, для обеспечения нормальных и безопасных условий работы личного состава пожарной охраны? ", "correct": "5", "1": "Отопление, электроснабжение.", "5": "Перечисленное в ответах 1, 2 и 3.", "3": "Твердое покрытие полов, утепленные ворота.", "amount": "5", "4": "Перечисленное в ответах 1 и 2.", "2": "Телефонную связь.", "theme": "Правила противопожарного режима в Российской Федерации. Утвержденны постановлением Правительства Российской Федерации от 25 апреля 2012 г. № 390." }