{ "teory": "", "text": "Кого должен закрепить руководитель организации за каждой пожарной мотопомпой и техникой, приспособленной (переоборудованной) для тушения пожаров? ", "correct": "1", "1": "Моториста (водителя), прошедшего специальную подготовку для работы на указанной технике.", "3": "Инженерно-технического работника, прошедшего специальную подготовку.", "amount": "4", "4": "Механика, в подотчете у которого находится данная установка.", "2": "Машиниста, имеющего навыки обращения с двигателями внутреннего сгорания.", "theme": "Правила противопожарного режима в Российской Федерации. Утвержденны постановлением Правительства Российской Федерации от 25 апреля 2012 г. № 390." }