{ "teory": "", "text": "Что необходимо сделать при обнаружении пожара или признаков горения в здании, помещении (задымление, запах гари, повышение температуры воздуха и др.)? ", "correct": "1", "1": "Немедленно сообщить об этом по телефону в пожарную охрану (назвать адрес объекта, место возникновения пожара, а также сообщить свою фамилию) и принять посильные меры по эвакуации людей и тушению пожара.", "3": "Немедленно сообщить об этом по телефону в администрацию или должностному лицу и принять посильные меры по эвакуации людей и тушению пожара.", "amount": "3", "2": "Немедленно сообщить об этом по телефону в пожарную охрану (назвать адрес объекта, место возникновения пожара, а также сообщить свою фамилию), в администрацию или должностному лицу.", "theme": "Правила противопожарного режима в Российской Федерации. Утвержденны постановлением Правительства Российской Федерации от 25 апреля 2012 г. № 390." }