{ "teory": "", "text": "Разрешается ли использовать противопожарные расстояния между зданиями, сооружениями и строениями для складирования материалов, оборудования и тары, для стоянки транспорта и строительства (установки) зданий и сооружений, для разведения костров и сжигания отходов и тары? ", "correct": "2", "1": "Разрешается.", "3": "Разрешается только с согласования с ГПС.", "amount": "4", "4": "Запрещается, за исключением случаев, предусмотренных нормативными документами по пожарной безопасности.", "2": "Запрещается.", "theme": "Правила противопожарного режима в Российской Федерации. Утвержденны постановлением Правительства Российской Федерации от 25 апреля 2012 г. № 390." }