{ "teory": "", "text": "Что должен обеспечивать руководитель организации на территории объектов поселений? ", "correct": "3", "1": "Своевременную очистку объектов от горючих отходов, мусора, тары, опавших листьев и сухой травы.", "3": "Перечисленное выше.", "amount": "3", "2": "Не допускать сжигание отходов и тары в местах, находящихся на расстоянии менее 50 метров от объектов поселений.", "theme": "Правила противопожарного режима в Российской Федерации. Утвержденны постановлением Правительства Российской Федерации от 25 апреля 2012 г. № 390." }