{ "teory": "", "text": "Что необходимо предусматривать на объектах защиты, граничащих с лесничествами (лесопарками), а также расположенных в районах с торфяными почвами для предупреждения распространение огня при природных пожарах? ", "correct": "3", "1": "Создание защитных противопожарных минерализованных полос.", "3": "Указанное выше.", "amount": "3", "2": "Удаление (сбор) в летний период сухой растительности.", "theme": "Правила противопожарного режима в Российской Федерации. Утвержденны постановлением Правительства Российской Федерации от 25 апреля 2012 г. № 390." }