{ "teory": "", "text": "Что обязан осуществить руководитель организации перед началом отопительного сезона с отопительными приборами и системами печного отопления?", "correct": "1", "1": "Провести проверки и ремонт печей, котельных, теплогенераторных и калориферных установок, а также других отопительных приборов и систем.", "amount": "2", "2": "Запастись дровами, углем, коксом для бесперебойного отопительного сезона.", "theme": "Правила противопожарного режима в Российской Федерации. Утвержденны постановлением Правительства Российской Федерации от 25 апреля 2012 г. № 390." }