{ "teory": "", "text": "Назовите допустимые размеры предтопочного листа печи и других отопительных приборов на деревянном или другом полу из негорючих материалов. ", "correct": "1", "1": "Не менее 0,5 х 0,7 метра.", "5": "Правилами не устанавливаются.", "3": "Не менее 1 х 1 метра.", "amount": "5", "4": "Не менее 0,7 х 1 метра.", "2": "Не менее 0,5 х 0,5 метра.", "theme": "Правила противопожарного режима в Российской Федерации. Утвержденны постановлением Правительства Российской Федерации от 25 апреля 2012 г. № 390." }