{ "teory": "", "text": "Какова периодичность проведения очистки дымоходов и отопительных печей от сажи? ", "correct": "1", "1": "Перед началом отопительного сезона, а также в течение отопительного сезона не реже 1 раза в 3 месяца.", "3": "Перед началом отопительного сезона, а также в течение отопительного сезона не реже 1 раза в месяц.", "amount": "3", "2": "Перед началом отопительного сезона, а также в течение отопительного сезона не реже 1 раза в 6 месяцев.", "theme": "Правила противопожарного режима в Российской Федерации. Утвержденны постановлением Правительства Российской Федерации от 25 апреля 2012 г. № 390." }