{ "teory": "", "text": "Допускается ли увольнение работника по инициативе работодателя в период его временной нетрудоспособности и в период пребывания в отпуске? ", "correct": "2", "1": "Не допускается.", "5": "Допускается.", "3": "Не допускается за исключением случая несоответствия работника занимаемой должности или выполняемой работе вследствие недостаточной квалификации, подтвержденной результатами аттестации.", "amount": "5", "4": "Не допускается за исключением случаев, указанных в ответах 2 и 3.", "2": "Не допускается за исключением случая ликвидации организации либо прекращения деятельности индивидуальным предпринимателем.", "theme": "Трудовой кодекс РФ от 30.12. 2001 № 197-ФЗ. " }