{ "teory": "", "text": "Допускаются ли к работе, при эксплуатации котельных и других теплопроизводящих установок лица, не прошедших специального обучения и не получивших соответствующих квалификационных удостоверений? ", "correct": "5", "1": "Допускаются после прохождения противопожарного инструктажа и инструктажа на  рабочем месте.", "5": "Не допускаются.", "3": "Допускаются после назначения приказом по организации.", "amount": "5", "4": "Допускаются при выполнении требований, указанных выше.", "2": "Допускаются после прохождения проверки знаний по охране труда.", "theme": "Правила противопожарного режима в Российской Федерации. Утвержденны постановлением Правительства Российской Федерации от 25 апреля 2012 г. № 390." }