{ "teory": "", "text": "Что запрещается при эксплуатации печного отопления? ", "correct": "5", "1": "Оставлять без присмотра печи, которые топятся, а также поручать надзор за ними детям.", "5": "Указанное выше, а также перекаливать печи.", "3": "Производить топку печей во время проведения в помещениях собраний и других массовых мероприятий.", "amount": "5", "4": "Использовать вентиляционные и газовые каналы в качестве дымоходов.", "2": "Располагать топливо, другие горючие вещества и материалы на предтопочном листе и применять для розжига печей бензин и другие легковоспламеняющиеся и горючие жидкости.", "theme": "Правила противопожарного режима в Российской Федерации. Утвержденны постановлением Правительства Российской Федерации от 25 апреля 2012 г. № 390." }