{ "teory": "", "text": "Когда должна прекращаться топка печей в зданиях и сооружениях (за исключением жилых домов)? ", "correct": "3", "1": "После окончания работы.", "3": "Не менее чем за 2 часа до окончания работы.", "amount": "4", "4": "Не менее чем за 3 часа до окончания работы.", "2": "Не менее чем за 1 час до окончания работы.", "theme": "Правила противопожарного режима в Российской Федерации. Утвержденны постановлением Правительства Российской Федерации от 25 апреля 2012 г. № 390." }