{ "teory": "", "text": "Назовите допустимое расстояние от печи и от топочного отверстия до товаров, стеллажей, витрин, прилавков, шкафов и другого оборудования. ", "correct": "1", "1": "От печи не менее 0,7 метра от топочного отверстия не менее 1,25 метра.", "3": "От печи не менее 1 метра от топочного отверстия не менее 1,7 метра.", "amount": "4", "4": "От печи не менее 0,3 метра от топочного отверстия не менее 0,8 метра.", "2": "От печи не менее 0,5 метра от топочного отверстия не менее 1 метра.", "theme": "Правила противопожарного режима в Российской Федерации. Утвержденны постановлением Правительства Российской Федерации от 25 апреля 2012 г. № 390." }