{ "teory": "", "text": "С какими правилами должны ознакомиться граждане, прибывающие в гостиницы, мотели, общежития и другие здания, приспособленные для временного пребывания людей? ", "correct": "3", "1": "С правилами внутреннего распорядка.", "3": "С правилами пожарной безопасности.", "amount": "3", "2": "С правилами поведения и распития спиртных напитков.", "theme": "Правила противопожарного режима в Российской Федерации. Утвержденны постановлением Правительства Российской Федерации от 25 апреля 2012 г. № 390." }