{ "teory": "", "text": "Разрешается ли в квартирах, жилых комнатах общежитий и номерах гостиниц устраивать производственные и складские помещения для применения и хранения взрывоопасных, пожаровзрывоопасных и пожароопасных веществ и материалов? ", "correct": "2", "1": "Разрешается.", "3": "Разрешается после согласования с ГПС.", "amount": "3", "2": "Запрещается.", "theme": "Правила противопожарного режима в Российской Федерации. Утвержденны постановлением Правительства Российской Федерации от 25 апреля 2012 г. № 390." }