{ "teory": "", "text": "Какой знак пожарной безопасности необходимо размещать у входа в индивидуальные жилые дома, а также в помещения зданий и сооружений, в которых применяются газовые баллоны? ", "correct": "3", "1": "Предупреждающий знак пожарной безопасности с надписью \"Осторожно. Не загромождать\".", "3": "Предупреждающий знак пожарной безопасности с надписью \"Огнеопасно. Баллоны с газом\".", "amount": "4", "4": "Предупреждающий знак пожарной безопасности с надписью \"Огнеопасно. Баллоны с газом. С огнем не приближаться\".", "2": "Предупреждающий знак пожарной безопасности с надписью \"Огнеопасно. С огнем не приближаться\".", "theme": "Правила противопожарного режима в Российской Федерации. Утвержденны постановлением Правительства Российской Федерации от 25 апреля 2012 г. № 390." }