{ "teory": "", "text": "Что запрещается при использовании бытовых газовых приборов? ", "correct": "4", "1": "Эксплуатация бытовых газовых приборов при утечке газа.", "5": "Действия перечисленные в ответах 1 и 3.", "3": "Проверка герметичности соединений с помощью источников открытого пламени, в том числе спичек, зажигалок, свечей.", "amount": "5", "4": "Перечисленное выше.", "2": "Присоединение деталей газовой арматуры с помощью искрообразующего инструмента.", "theme": "Правила противопожарного режима в Российской Федерации. Утвержденны постановлением Правительства Российской Федерации от 25 апреля 2012 г. № 390." }