{ "teory": "", "text": "Какая периодичность работ по очистке вытяжных устройств и коммуникаций от пожароопасных отложений расположенных в помещениях производственного и складского назначения категорий В1 - В4 по взрывопожарной и пожарной опасности? ", "correct": "2", "1": "Не реже 1 раза в квартал.", "3": "Не реже 1 раза в год.", "amount": "4", "4": "Не реже 1 раза в 2 года.", "2": "Не реже 1 раза в полугодие.", "theme": "Правила противопожарного режима в Российской Федерации. Утвержденны постановлением Правительства Российской Федерации от 25 апреля 2012 г. № 390." }