{ "teory": "", "text": "Какого работника работодатель обязан отстранить от работы (не допускать к работе)? ", "correct": "5", "1": "Появившегося на работе в состоянии алкогольного, наркотического или иного токсического опьянения, не прошедшего в установленном порядке обучение и проверку знаний и навыков в области охраны труда.", "5": "Указанного в ответе 4, а также по требованию органов или должностных лиц, уполномоченных федеральными законами и иными нормативными правовыми актами Российской Федерации.", "3": "При выявлении в соответствии с медицинским заключением противопоказаний для выполнения работником работы, обусловленной трудовым договором.", "amount": "5", "4": "Указанного выше.", "2": "Не прошедшего в установленном порядке обязательный медицинский осмотр (обследование), а также обязательное психиатрическое освидетельствование в предусмотренных законами случаях.", "theme": "Трудовой кодекс РФ от 30.12. 2001 № 197-ФЗ. " }