{ "teory": "", "text": "Что следует применять для разогрева застывшего продукта, ледяных, кристаллогидратных и других пробок в трубопроводах? ", "correct": "5", "1": "Открытый огонь.", "5": "Вещества перечисленные в ответах 2 и 3.", "3": "Водяной пар и другие безопасные способы.", "amount": "5", "4": "Перечисленное выше.", "2": "Горячую воду.", "theme": "Правила противопожарного режима в Российской Федерации. Утвержденны постановлением Правительства Российской Федерации от 25 апреля 2012 г. № 390." }