{ "teory": "", "text": "В какое время суток следует производить отбор проб легковоспламеняющихся и горючих жидкостей из резервуаров (емкостей) и замер их уровня? ", "correct": "1", "1": "В светлое время суток.", "3": "В светлое время суток во время закачки или откачки продукта.", "amount": "4", "4": "В светлое время суток и в темное время суток только по согласованию с руководителем организации.", "2": "В темное время суток.", "theme": "Правила противопожарного режима в Российской Федерации. Утвержденны постановлением Правительства Российской Федерации от 25 апреля 2012 г. № 390." }