{ "teory": "", "text": "Какой инструмент должен применяться в пожаровзрывоопасных участках, цехах и помещениях? ", "correct": "4", "1": "Изготовленный из безыскровых материалов.", "5": "Инструмент указанный в ответах 1, 2 и 3.", "3": "Перечень которого утвержден главным инженером организации.", "amount": "5", "4": "Инструмент указанный в ответах 1 и 2.", "2": "В соответствующем взрывобезопасном исполнении.", "theme": "Правила противопожарного режима в Российской Федерации. Утвержденны постановлением Правительства Российской Федерации от 25 апреля 2012 г. № 390." }