{ "teory": "", "text": "С какой периодичностью должны проводиться работы по очистке стен, потолков, пола, конструкций и оборудования помещений от пыли, стружек и горючих отходов?", "correct": "3", "1": "Один раз в смену.", "5": "Ежедневно.", "3": "С периодичностью, установленной приказом руководителя организации.", "amount": "5", "4": "С периодичностью. предусмотренной технологическим режимом предприятия.", "2": "С периодичностью, установленной инструкцией по охране труда.", "theme": "Правила противопожарного режима в Российской Федерации. Утвержденны постановлением Правительства Российской Федерации от 25 апреля 2012 г. № 390." }