{ "teory": "", "text": "При отсутствии (или с неисправностями) каких систем и устройств запрещается эксплуатация барабанных сушилок и бункеров сухой стружки и пыли?", "correct": "1", "1": "Систем автоматического пожаротушения и противовзрывных устройств.", "3": "Систем автоматического пожаротушения и устройств отключения при повышении температуры свыше нормы.", "amount": "4", "4": "Систем автоматической пожарной сигнализации и устройств отключения при повышении температуры свыше нормы.", "2": "Систем автоматической пожарной сигнализации и противовзрывных устройств.", "theme": "Правила противопожарного режима в Российской Федерации. Утвержденны постановлением Правительства Российской Федерации от 25 апреля 2012 г. № 390." }