{ "teory": "", "text": "Какая периодичность очистки от сажи топочно-газовых устройств газовых сушильных камер, работающих на твердом и жидком топливе? ", "correct": "1", "1": "Не реже 2 раз в месяц.", "3": "Не реже 1 раз в квартал.", "amount": "4", "4": "Не реже 2 раз в год (весной и осенью).", "2": "Не реже 1 раз в месяц.", "theme": "Правила противопожарного режима в Российской Федерации. Утвержденны постановлением Правительства Российской Федерации от 25 апреля 2012 г. № 390." }