{ "teory": "", "text": "Какой документ разрабатывает руководитель организации для помещений для хранения (стоянки) транспорта в количестве более 25 единиц, расположенных на объектах транспортной инфраструктуры? ", "correct": "1", "1": "План расстановки транспортных средств с описанием очередности и порядка их эвакуации при пожаре.", "3": "Схему расстановки транспортных средств и гаражной разметкой.", "amount": "4", "4": "Оперативный план пожаротушения с описанием очередности и порядка эвакуации.", "2": "Инструкцию по проведению противопожарных тренировок.", "theme": "Правила противопожарного режима в Российской Федерации. Утвержденны постановлением Правительства Российской Федерации от 25 апреля 2012 г. № 390." }