{ "teory": "", "text": "Что запрещается в помещениях под навесами и на открытых площадках для хранения (стоянки) транспорта? ", "correct": "5", "1": "Устанавливать транспортные средства в количестве, превышающем предусмотренное в проектной документации на данный объект, нарушать план их расстановки, уменьшать расстояние между автомобилями и загромождать выездные ворота и проезды.", "5": "Действия указанные в ответах 1, 2 и 3, а также подогревать двигатели открытым огнем (костры, факелы, паяльные лампы), пользоваться открытыми источниками огня для освещения.", "3": "Заправлять горючим и сливать из транспортных средств топливо, а также хранить тару из-под горючего, а также горючее и масла.", "amount": "5", "4": "Действия указанные в ответах 1 и 2, а также подогревать двигатели открытым огнем (костры, факелы, паяльные лампы), пользоваться открытыми источниками огня для освещения.", "2": "Устанавливать транспортные средства, предназначенные для перевозки легковоспламеняющихся и горючих жидкостей, а также горючих газов.", "theme": "Правила противопожарного режима в Российской Федерации. Утвержденны постановлением Правительства Российской Федерации от 25 апреля 2012 г. № 390." }