{ "teory": "", "text": "Без чего запрещается эксплуатация автомобилей, перевозящих легковоспламеняющиеся и горючие жидкости? ", "correct": "4", "1": "Заземления и не оборудованных исправными искрогасителями.", "5": "Без оборудования указанного в ответах 1, 2 и 3.", "3": "Буксировочного троса.", "amount": "5", "4": "Без оборудования указанного в ответах 1 и 2.", "2": "Первичных средств пожаротушения, а также не промаркированных в соответствии со степенью опасности груза.", "theme": "Правила противопожарного режима в Российской Федерации. Утвержденны постановлением Правительства Российской Федерации от 25 апреля 2012 г. № 390." }