{ "teory": "", "text": "Каким оборудованием обеспечивает руководитель организации места погрузки и разгрузки пожаровзрывоопасных и пожароопасных веществ и материалов? ", "correct": "4", "1": "Специальными приспособлениями, обеспечивающими безопасные условия проведения работ (козлы, стойки, щиты, трапы, носилки и т.п.).", "5": "Оборудованием указанным в ответах 1 и 2.", "3": "Исправными стационарными или временными электрическим освещением во взрывозащищенном исполнении.", "amount": "5", "4": "Оборудованием указанным выше.", "2": "Первичными средствами пожаротушения.", "theme": "Правила противопожарного режима в Российской Федерации. Утвержденны постановлением Правительства Российской Федерации от 25 апреля 2012 г. № 390." }