{ "teory": "", "text": "В каких случаях проводится внеплановое обучение?", "correct": "4", "1": "Вступление в силу нормативных правовых актов, содержащих государственные нормативные требования охраны труда", "3": "Изменений в эксплуатации оборудования, технологических процессов, использовании сырья и материалов, должностных (функциональных) обязанностей работников, непосредственно связанных с осуществлением производственной деятельности, влияющих на безопасность труда", "amount": "4", "4": "Все вышеперечисленное", "2": "Ввод в эксплуатацию нового вида оборудования, инструментов и приспособлений, введение новых технологических процессов, а также использование нового вида сырья и материалов, требующих дополнительных знаний по охране труда у работников", "theme": "Порядок обучения и инструктажи" }