{ "teory": "", "text": "Что должны соблюдать работающие при выполнении погрузочно-разгрузочных работ с пожаровзрывоопасными и пожароопасными веществами и материалами? ", "correct": "5", "1": "Требования маркировочных знаков.", "5": "Требования указанные в ответах 1 и 2.", "3": "Требования инструкции по мерам пожарной безопасности.", "amount": "5", "4": "Требования указанные выше.", "2": "Требования предупреждающих надписей на упаковках.", "theme": "Правила противопожарного режима в Российской Федерации. Утвержденны постановлением Правительства Российской Федерации от 25 апреля 2012 г. № 390." }