{ "teory": "", "text": "Какие требования предъявляются к хранению на складах (в помещениях) веществ и материалов? ", "correct": "1", "1": "Хранение с учетом их пожароопасных физико-химических свойств (способность к окислению, самонагреванию и воспламенению при попадании влаги, соприкосновении с воздухом и др.).", "5": "Требования указанные в ответах 1 и 3.", "3": "Хранение с учетом признаков совместимости и однородности огнетушащих веществ.", "amount": "5", "4": "Требования указанные выше.", "2": "Защита от солнечного и иного теплового воздействия.", "theme": "Правила противопожарного режима в Российской Федерации. Утвержденны постановлением Правительства Российской Федерации от 25 апреля 2012 г. № 390." }