{ "teory": "", "text": "Разрешается ли совместное хранение в одной секции с каучуком или автомобильной резиной каких-либо других материалов и товаров? ", "correct": "5", "1": "Разрешается без ограничений.", "5": "Запрещается.", "3": "Разрешается при соблюдении противопожарных разрывов между хранимыми материалами не менее 6 метров.", "amount": "5", "4": "Разрешается при выполнении требований ответов 2 и 3.", "2": "Разрешается в случае однородности применяемых огнетушащих веществ для совместно хранимых материалов.", "theme": "Правила противопожарного режима в Российской Федерации. Утвержденны постановлением Правительства Российской Федерации от 25 апреля 2012 г. № 390." }