{ "teory": "", "text": "От какого воздействия должны быть защищены баллоны с горючими газами, емкости (бутылки, бутыли, другая тара) с легковоспламеняющимися и горючими жидкостями, а также аэрозольные паковки? ", "correct": "1", "1": "От солнечного и иного теплового воздействия.", "5": "От воздействий указанных в ответах 1 и 2..", "3": "От осадков.", "amount": "5", "4": "От воздействий указанных выше.", "2": "От механического воздействия и повреждения.", "theme": "Правила противопожарного режима в Российской Федерации. Утвержденны постановлением Правительства Российской Федерации от 25 апреля 2012 г. № 390." }