{ "teory": "", "text": "Какое должно быть расстояние от светильников до хранящихся товаров?", "correct": "2", "1": "Не менее 0,3 метра.", "5": "Не менее 1,5 метра.", "3": "Не менее 0,8 метра.", "amount": "5", "4": "Не менее 1 метра.", "2": "Не менее 0,5 метра.", "theme": "Правила противопожарного режима в Российской Федерации. Утвержденны постановлением Правительства Российской Федерации от 25 апреля 2012 г. № 390." }