{ "teory": "", "text": "Разрешается ли стоянка и ремонт погрузочно-разгрузочных и транспортных средств в складских помещениях и на дебаркадерах? ", "correct": "5", "1": "Разрешается.", "5": "Запрещается.", "3": "Разрешается по согласованию с руководителем организации.", "amount": "5", "4": "Разрешается при выполнении требований ответов 2 и 3.", "2": "Разрешается только в дневное время суток.", "theme": "Правила противопожарного режима в Российской Федерации. Утвержденны постановлением Правительства Российской Федерации от 25 апреля 2012 г. № 390." }