{ "teory": "", "text": "Какие требования предъявляются к операциям, связанных с вскрытием тары, проверкой исправности и мелким ремонтом, расфасовкой продукции, приготовлением рабочих смесей пожароопасных жидкостей (нитрокрасок, лаков и других горючих жидкостей)? ", "correct": "1", "1": "Должны производиться в помещениях, изолированных от мест хранения.", "5": "Требования перечисленные в ответах 1 и 3.", "3": "Должны производиться в помещениях оборудованных автоматической системой пожаротушения.", "amount": "5", "4": "Требования перечисленные в ответах 1 и 2.", "2": "Должны производиться в помещениях зданий складов не ниже 2 степени огнестойкости.", "theme": "Правила противопожарного режима в Российской Федерации. Утвержденны постановлением Правительства Российской Федерации от 25 апреля 2012 г. № 390." }