{ "teory": "", "text": "Что запрещается делать в помещениях складов? ", "correct": "4", "1": "Применять дежурное освещение.", "5": "Перечисленное в ответах 2 и 3.", "3": "Устанавливать штепсельные розетки.", "amount": "5", "4": "Перечисленное выше.", "2": "Использовать газовые плиты и электронагревательные приборы.", "theme": "Правила противопожарного режима в Российской Федерации. Утвержденны постановлением Правительства Российской Федерации от 25 апреля 2012 г. № 390." }