{ "teory": "", "text": "Какие требования пожарной безопасности предъявляются к аппаратам, предназначенным для отключения электроснабжения склада? ", "correct": "1", "1": "Аппараты для отключения электроснабжения должны располагаться вне складского помещения на стене из негорючих материалов или отдельно стоящей опоре.", "5": "Требования указанные в ответах 2 и 3.", "3": "Аппараты для отключения электроснабжения должны располагаться на несгораемой стене и заключаться в шкаф или нишу с приспособлением для опломбирования и закрываться на замок.", "amount": "5", "4": "Требования указанные в ответах 1 и 2.", "2": "Аппараты для отключения электроснабжения должны быть выполнены во взрывопожаробезопасном исполнении.", "theme": "Правила противопожарного режима в Российской Федерации. Утвержденны постановлением Правительства Российской Федерации от 25 апреля 2012 г. № 390." }