{ "teory": "", "text": "Разрешается ли въезд локомотивов в складские помещения категорий А, Б и В1 - В4 по взрывопожарной и пожарной опасности? ", "correct": "2", "1": "Разрешается.", "3": "Разрешается в складские помещения категории В4 по пожарной опасности по согласованию с ГПС.", "amount": "3", "2": "Запрещается", "theme": "Правила противопожарного режима в Российской Федерации. Утвержденны постановлением Правительства Российской Федерации от 25 апреля 2012 г. № 390." }