{ "teory": "", "text": "Для каких лиц испытание при приеме на работу не устанавливается?", "correct": "5", "1": "Беременных женщин и женщин, имеющих детей в возрасте до полутора лет, лиц, не достигших возраста восемнадцати лет.", "5": "Указанных в ответе 4, а также лиц, заключающих трудовой договор на срок до двух месяцев.", "3": "Приглашенных на работу в порядке перевода от другого работодателя по согласованию между работодателями.", "amount": "5", "4": "Перечисленных выше.", "2": "Избранных по конкурсу на замещение соответствующей должности, проведенному в установленном порядке, избранных на выборную должность на оплачиваемую работу.", "theme": "Трудовой кодекс РФ от 30.12. 2001 № 197-ФЗ. " }