{ "teory": "", "text": "В каком состоянии должны находиться обвалования вокруг резервуаров с нефтью и нефтепродуктами, а также переезды через обвалования? ", "correct": "1", "1": "В исправном состоянии и площадь внутри обвалования должна быть засыпана песком.", "3": "Не нормируется.", "amount": "3", "2": "В исправном состоянии и площадь внутри обвалования должна быть спланирована гравийной засыпкой.", "theme": "Правила противопожарного режима в Российской Федерации. Утвержденны постановлением Правительства Российской Федерации от 25 апреля 2012 г. № 390." }