{ "teory": "", "text": "Что запрещается на складах легковоспламеняющихся и горючих жидкостей? ", "correct": "3", "1": "Эксплуатация негерметичного оборудования и запорной арматуры.", "5": "Перечисленное в ответах 2 и 3.", "3": "Установка емкостей (резервуаров) на основание, выполненное из горючих материалов и переполнение резервуаров и цистерн.", "amount": "5", "4": "Перечисленное выше.", "2": "Наличие деревьев и кустарников внутри обвалований.", "theme": "Правила противопожарного режима в Российской Федерации. Утвержденны постановлением Правительства Российской Федерации от 25 апреля 2012 г. № 390." }