{ "teory": "", "text": "Разрешается ли на складах легковоспламеняющихся и горючих жидкостей эксплуатация резервуаров, имеющих перекосы и трещины, проемы или трещины на плавающих крышах, а также неисправное оборудование, контрольно-измерительные приборы и стационарные противопожарные устройства? ", "correct": "5", "1": "Разрешается.", "5": "Запрещается.", "3": "Разрешается с согласования ГПС.", "amount": "5", "4": "Разрешается при соблюдении требований ответов 2 и 3.", "2": "Разрешается при постоянном контроле обслуживающем персоналом.", "theme": "Правила противопожарного режима в Российской Федерации. Утвержденны постановлением Правительства Российской Федерации от 25 апреля 2012 г. № 390." }