{ "teory": "", "text": "Какова периодичность проверки дыхательных клапанов и огнепреградителей на складах легковоспламеняющихся и горючих жидкостей? ", "correct": "4", "1": "Перед каждым наполнением емкости легковоспламеняющихся и горючей жидкостей.", "3": "Не реже 1 раза в месяц, а при температуре воздуха ниже 0 град. С - не реже одного раза в 10 дней.", "amount": "4", "4": "Периодичность проверки определяется в соответствии с технической документацией предприятий-изготовителей дыхательных клапанов.", "2": "Не реже 2 раз в месяц.", "theme": "Правила противопожарного режима в Российской Федерации. Утвержденны постановлением Правительства Российской Федерации от 25 апреля 2012 г. № 390." }