{ "teory": "", "text": "Какие требования пожарной безопасности предъявляются к помещениям для хранения горючего газа?", "correct": "4", "1": "Окна помещений закрашиваются белой краской или оборудуются солнцезащитными негорючими устройствами и обеспечивается естественная вентиляция.", "5": "Требования перечисленные в ответах 1 и 2.", "3": "Хранение каких-либо других веществ, материалов и оборудования не разрешается.", "amount": "5", "4": "Требования перечисленные выше.", "2": "В помещениях устанавливаются газоанализаторы для контроля за образованием взрывоопасных концентраций.", "theme": "Правила противопожарного режима в Российской Федерации. Утвержденны постановлением Правительства Российской Федерации от 25 апреля 2012 г. № 390." }