{ "teory": "", "text": "Какие требования пожарной безопасности предъявляются при хранении баллонов с горючим газом? ", "correct": "4", "1": "Баллоны с горючим газом должны храниться отдельно от баллонов с кислородом, сжатым воздухом, хлором, фтором и другими окислителями, а также от баллонов с токсичным газом.", "5": "Требования перечисленные в ответах 1 и 2.", "3": "При хранении баллонов с кислородом нельзя допускать попадания масел (жиров) и соприкосновения арматуры баллона с промасленными материалами.", "amount": "5", "4": "Требования перечисленные выше.", "2": "Баллоны с горючим газом, имеющие башмаки, хранятся в вертикальном положении в специальных гнездах, клетях или других устройствах, исключающих их падение, а баллоны, не имеющие башмаков, хранятся в горизонтальном положении на рамах или стеллажах.", "theme": "Правила противопожарного режима в Российской Федерации. Утвержденны постановлением Правительства Российской Федерации от 25 апреля 2012 г. № 390." }