{ "teory": "", "text": "Что должен сделать руководитель организации при отсутствии газоанализаторов в помещении для хранения баллонов с горючими газами? ", "correct": "2", "1": "Организовать порядок проверки помещения и баллонов.", "3": "Установить порядок хранения и транспортирования баллонов из помещения.", "amount": "3", "2": "Установить порядок отбора и контроля проб газовоздушной среды.", "theme": "Правила противопожарного режима в Российской Федерации. Утвержденны постановлением Правительства Российской Федерации от 25 апреля 2012 г. № 390." }