{ "teory": "", "text": "Какие требования пожарной безопасности предъявляются при хранении баллонов с горючим газом, не имеющих башмаков? ", "correct": "4", "1": "Хранятся в горизонтальном положении на рамах или стеллажах, высотой штабеля не более 1,5 метра.", "5": "Требования перечисленные в ответах 2 и 3.", "3": "Клапаны должны закрываться предохранительными колпаками и быть обращены в одну сторону.", "amount": "5", "4": "Требования перечисленные в ответах 1 и 3.", "2": "Хранятся в горизонтальном положении на рамах или стеллажах, высотой штабеля не более 2 метров.", "theme": "Правила противопожарного режима в Российской Федерации. Утвержденны постановлением Правительства Российской Федерации от 25 апреля 2012 г. № 390." }