{ "teory": "", "text": "Какие требования предъявляются при хранении негашеной извести?", "correct": "4", "1": "Хранить в закрытых отдельно стоящих складских помещениях и полом приподнятом над уровнем земли не менее чем на 0,2 метра.", "5": "Требования перечисленные в ответах 2 и 3.", "3": "Предусматривать мероприятия, предотвращающие попадание влаги и воды.", "amount": "5", "4": "Требования перечисленные в ответах 1 и 3.", "2": "Хранить в закрытых складских помещениях встроенных в другие складские помещения и полом приподнятом над уровнем земли не менее чем на 0,2 метра.", "theme": "Правила противопожарного режима в Российской Федерации. Утвержденны постановлением Правительства Российской Федерации от 25 апреля 2012 г. № 390." }