{ "teory": "", "text": "Из каких материалов выполняются строительные леса и опалубка?", "correct": "2", "1": "Из материалов, распространяющих и поддерживающих горение.", "3": "Из материалов, трудногорючих и не поддерживающих горение.", "amount": "3", "2": "Из материалов, не распространяющих и не поддерживающих горение.", "theme": "Правила противопожарного режима в Российской Федерации. Утвержденны постановлением Правительства Российской Федерации от 25 апреля 2012 г. № 390." }