{ "teory": "", "text": "Какую подготовку обязаны пройти все работники организации, в том числе ее руководитель? ", "correct": "2", "1": "Обязаны только ознакомиться с объемом работ.", "3": "Обязаны быть ознакомлены с Правилами внутреннего трудового распорядка.", "amount": "4", "4": "Должны быть ознакомлены с производственными объектами и их расположением на территории организации.", "2": "Обучение по охране труда и проверку знания требований ОТ в порядке, установленном Правительством РФ с учетом мнения Российской трехсторонней комиссии по регулированию социально-трудовых отношений.", "theme": "Трудовой кодекс РФ от 30.12. 2001 № 197-ФЗ. " }