{ "teory": "", "text": "Чем завершается плановон (внеплановое) обучение рабоников требованиям охраны труда?", "correct": "1", "1": "Плановой (внеплановой) проверкой знания требований охраны труда", "5": "Все вышеперечисленное", "3": "Оформлением распоряжения", "amount": "5", "4": "Записью в журнал регистрации инструктажей", "2": "Внеплановым инструктажем", "theme": "Порядок обучения и инструктажи" }