{ "teory": "", "text": "Имеет ли работодатель право при неудовлетворительном результате испытания расторгнуть трудовой договор с работником до истечения срока испытания?", "correct": "3", "1": "Не имеет.", "3": "Имеет при выполнении условия ответа 2 без учета мнения соответствующего профсоюзного органа и без выплаты выходного пособия.", "amount": "4", "4": "Имеет при выполнении условия ответа 2 с учетом мнения соответствующего профсоюзного органа и выплатой выходного пособия.", "2": "Имеет, предупредив работника об этом в письменной форме не позднее чем за три дня с указанием причин, послуживших основанием для признания этого работника не выдержавшим испытание.", "theme": "Трудовой кодекс РФ от 30.12. 2001 № 197-ФЗ. " }