{ "teory": "", "text": "Что запрещается производить при производстве работ, связанных с устройством гидро- и пароизоляции на кровле, монтажом панелей с горючими и трудногорючими утеплителями? ", "correct": "2", "1": "Укладку утеплителя и устройство гидроизоляционного ковра на покрытии, устройство защитного гравийного слоя, монтаж ограждающих конструкций.", "5": "Перечисленное в ответах 2 и 3.", "3": "Оставлять неиспользуемый утеплитель при перерывах на отдых.", "amount": "5", "4": "Перечисленное в ответах 1 и 3.", "2": "Производить электросварочные и другие огневые работы.", "theme": "Правила противопожарного режима в Российской Федерации. Утвержденны постановлением Правительства Российской Федерации от 25 апреля 2012 г. № 390." }