{ "teory": "", "text": "Что запрещается применять в помещениях для обогрева рабочих? ", "correct": "4", "1": "Открытый огонь.", "5": "Перечисленное в ответах 1 и 3..", "3": "Газовые горелки инфракрасного излучения.", "amount": "5", "4": "Перечисленное выше.", "2": "Электрические калориферы.", "theme": "Правила противопожарного режима в Российской Федерации. Утвержденны постановлением Правительства Российской Федерации от 25 апреля 2012 г. № 390." }