{ "teory": "", "text": "Что запрещается при эксплуатации горелок инфракрасного излучения? ", "correct": "5", "1": "Пользоваться установкой в помещениях без естественного проветривания или искусственной вентиляции с соответствующей кратностью воздухообмена, а также в подвальных или цокольных этажах.", "5": "Перечисленное в ответах 1 и 2.", "3": "Зажигать рабочую смесь через смотровой глазок.", "amount": "5", "4": "Перечисленное выше.", "2": "Использовать горелку с поврежденной керамикой, с видимыми языками пламени, а также пользоваться установкой, если в помещении появился запах газа.", "theme": "Правила противопожарного режима в Российской Федерации. Утвержденны постановлением Правительства Российской Федерации от 25 апреля 2012 г. № 390." }