{ "teory": "", "text": "Какие требования соблюдаются при монтаже и эксплуатации установок, работающих на газовом топливе? ", "correct": "4", "1": "Оборудование теплопроизводящих установок оборудуются стандартными горелками, имеющими заводской паспорт.", "5": "Перечисленное в ответах 1 и 2.", "3": "Помещение обеспечивается вентиляцией с теплопроизводящими установками трехкратного воздухообмена.", "amount": "5", "4": "Перечисленное выше.", "2": "Должна быть устойчивая работа горелок без отрыва пламени и проскока его внутрь горелки в пределах необходимого регулирования тепловой нагрузки агрегата.", "theme": "Правила противопожарного режима в Российской Федерации. Утвержденны постановлением Правительства Российской Федерации от 25 апреля 2012 г. № 390." }