{ "teory": "", "text": "Чем обеспечиваются помещения и рабочие зоны, в которых применяются горючие вещества (приготовление состава и нанесение его на изделия), выделяющие пожаровзрывоопасные пары?", "correct": "2", "1": "Внутренним противопожарным водопроводом.", "5": "Перечисленное в ответах 1 и 2.", "3": "Автоматической установкой пожаротушения.", "amount": "5", "4": "Перечисленное выше.", "2": "Естественной или принудительной приточно-вытяжной вентиляцией.", "theme": "Правила противопожарного режима в Российской Федерации. Утвержденны постановлением Правительства Российской Федерации от 25 апреля 2012 г. № 390." }