{ "teory": "", "text": "Разрешается ли применять открытый огонь внутри помещений  для подогрева битумных составов? ", "correct": "5", "1": "Разрешается.", "5": "Запрещается.", "3": "Разрешается с согласования руководителя организации.", "amount": "5", "4": "Разрешается при выполнении ответов 2 и 3.", "2": "Разрешается при обеспечении места проведения огневых работ первичными средствами пожаротушения.", "theme": "Правила противопожарного режима в Российской Федерации. Утвержденны постановлением Правительства Российской Федерации от 25 апреля 2012 г. № 390." }