{ "teory": "", "text": "Какие требования пожарной безопасности необходимо соблюдать при проведении огневых работ? ", "correct": "4", "1": "Перед проведением огневых работ необходимо провентилировать помещения, в которых возможно скопление паров легковоспламеняющихся и горючих жидкостей, а также горючих газов.", "5": "Перечисленное в ответах 1 и 2.", "3": "Плотно закрыть все двери, соединяющие помещения, в которых проводятся огневые работы, с другими помещениями, в том числе двери тамбур-шлюзов, открыть окна и осуществлять контроль за состоянием парогазовоздушной среды в технологическом оборудовании, на котором проводятся огневые работы, и в опасной зоне.", "amount": "5", "4": "Перечисленное выше.", "2": "Место проведения огневых работ необходимо обеспечить первичными средствами пожаротушения (огнетушителем, ящиком с песком емкостью 0,5 куб. метра, 2 лопатами, ведром с водой).", "theme": "Правила противопожарного режима в Российской Федерации. Утвержденны постановлением Правительства Российской Федерации от 25 апреля 2012 г. № 390." }