{ "teory": "", "text": "Какая должна быть температура подаваемого водяного пара при пропарке внутреннего объема технологического оборудования? ", "correct": "1", "1": "Не должна превышать значение, равное 80 % температуры самовоспламенения горючего пара (газа).", "3": "В зависимости от давления, но не выше 100 градусов Цельсия.", "amount": "4", "4": "Температура пара не нормируется.", "2": "Не должна превышать значение, равное 90 % от температуры самовоспламенения горючего пара (газа).", "theme": "Правила противопожарного режима в Российской Федерации. Утвержденны постановлением Правительства Российской Федерации от 25 апреля 2012 г. № 390." }