{ "teory": "", "text": "Как должно быть выполнено ограждение мест для проведения сварочных и резательных работ на объектах, в конструкциях которых использованы горючие материалы? ", "correct": "1", "1": "Сплошной перегородкой из негорючего материала высотой не менее 1,8 метра, с зазором между перегородкой и полом не более 5 сантиметров. ", "3": "Сплошной перегородкой из негорючего материала с высотой исключающей попадание раскаленных частиц.", "amount": "4", "4": "Сплошной перегородкой из негорючего материала высотой не менее 2 метров, с зазором между перегородкой и полом не более 5 сантиметров. ", "2": "Сплошной перегородкой из негорючего материала высотой не менее 1,5 метра, с зазором между перегородкой и полом не более 10 сантиметров. ", "theme": "Правила противопожарного режима в Российской Федерации. Утвержденны постановлением Правительства Российской Федерации от 25 апреля 2012 г. № 390." }