{ "teory": "", "text": "В какой срок работодатель обязан уведомить работника в письменной форме о предстоящих изменениях определенных сторонами условий трудового договора, а также о причинах, вызвавших необходимость таких изменений?", "correct": "2", "1": "За 1 месяц.", "5": "За 4 недели.", "3": "Предупреждение не требуется.", "amount": "5", "4": "За 2 недели.", "2": "За 2 месяца.", "theme": "Трудовой кодекс РФ от 30.12. 2001 № 197-ФЗ. " }