{ "teory": "", "text": "С какой целью проводится стажировка?", "correct": "1", "1": "Для приобретения работниками практических навыков безопасных методов и приемов выполнения работ в процессе трудовой деятельности", "3": "Все вышеперечисленное", "amount": "3", "2": "Для приобретения работниками теоритических навыков безопасных методов и приемов выполнения работ", "theme": "Порядок обучения и инструктажи" }