{ "teory": "", "text": "Что необходимо делать со сварочной аппаратурой при перерывах в работе, а также в конце рабочей смены и по окончании работ?", "correct": "4", "1": "Отключать (в том числе от электросети).", "5": "Перечисленное в ответах 1 и 3.", "3": "Всю аппаратуру и оборудование необходимо убирать в специально отведенные помещения (места).", "amount": "5", "4": "Перечисленное выше.", "2": "Отсоединять шланги и освобождать от горючих жидкостей и газов, а в паяльных лампах давление полностью стравливать.", "theme": "Правила противопожарного режима в Российской Федерации. Утвержденны постановлением Правительства Российской Федерации от 25 апреля 2012 г. № 390." }