{ "teory": "", "text": "Разрешается ли организация постоянных мест проведения огневых работ более чем на 10 постах (сварочные, резательные мастерские)? ", "correct": "3", "1": "Разрешается.", "5": "Запрещается.", "3": "Разрешается, если предусмотрено централизованное электро- и газоснабжение.", "amount": "5", "4": "Разрешается при выполнении ответов 2 и 3.", "2": "Разрешается с согласия руководителя организации.", "theme": "Правила противопожарного режима в Российской Федерации. Утвержденны постановлением Правительства Российской Федерации от 25 апреля 2012 г. № 390." }