{ "teory": "", "text": "Какое количество запасных баллонов допускается иметь в сварочной мастерской при наличии не более 10 сварочных постов? ", "correct": "1", "1": "Для каждого поста по одному запасному баллону с кислородом и горючим газом.", "5": "Допускается иметь сменную потребность баллонов с кислородом и горючим газом.", "3": "На каждые два поста по одному запасному баллону с кислородом и горючим газом.", "amount": "5", "4": "Хранение запасных баллонов не допускается.", "2": "Для каждого поста по два запасных баллона с кислородом и горючим газом.", "theme": "Правила противопожарного режима в Российской Федерации. Утвержденны постановлением Правительства Российской Федерации от 25 апреля 2012 г. № 390." }