{ "teory": "", "text": "Что запрещается при проведении огневых работ? ", "correct": "4", "1": "Приступать к работе при неисправной аппаратуре и производить огневые работы на свежеокрашенных горючими красками (лаками) конструкциях и изделиях.", "5": "Перечисленное в ответах 1 и 2.", "3": "Допускать к самостоятельной работе учеников, а также работников, не имеющих квалификационного удостоверения.", "amount": "5", "4": "Перечисленное выше.", "2": "Соприкосновение электрических проводов с баллонами со сжатыми, сжиженными и растворенными газами и использовать одежду и рукавицы со следами масел, жиров, бензина, керосина и других горючих жидкостей.", "theme": "Правила противопожарного режима в Российской Федерации. Утвержденны постановлением Правительства Российской Федерации от 25 апреля 2012 г. № 390." }