{ "teory": "", "text": "Разрешается ли проведение огневых работ на элементах зданий, выполненных из легких металлических конструкций с горючими и трудногорючими утеплителями? ", "correct": "4", "1": "Разрешается, при наличии наряда-допуска и средств пожаротушения на месте производства работ.", "3": "Разрешается в исключительных случаях, с проведением мероприятий, исключающих возгорание.", "amount": "4", "4": "Запрещается.", "2": "Разрешается, после обработки утеплителя водой.", "theme": "Правила противопожарного режима в Российской Федерации. Утвержденны постановлением Правительства Российской Федерации от 25 апреля 2012 г. № 390." }