{ "teory": "", "text": "На каком расстоянии необходимо размещать ацетиленовые генераторы от мест проведения газосварочных работ и мест забора воздуха компрессорами и вентиляторами? ", "correct": "2", "1": "Не ближе 5 метров и при этом необходимо ограждать.", "3": "Непосредственно на месте проведения газосварочных работ.", "amount": "4", "4": "Не ближе 15 метров и при этом необходимо ограждать.", "2": "Не ближе 10 метров и при этом необходимо ограждать.", "theme": "Правила противопожарного режима в Российской Федерации. Утвержденны постановлением Правительства Российской Федерации от 25 апреля 2012 г. № 390." }