{ "teory": "", "text": "Какие знаки пожарной безопасности вывешиваются в местах установки ацетиленового генератора? ", "correct": "4", "1": "\"Вход посторонним воспрещен - огнеопасно\".", "5": "Знаки перечисленные в ответах 2 и 3.", "3": "\"Не проходить с огнем\".", "amount": "5", "4": "Знаки перечисленные выше.", "2": "\"Не курить\".", "theme": "Правила противопожарного режима в Российской Федерации. Утвержденны постановлением Правительства Российской Федерации от 25 апреля 2012 г. № 390." }