{ "teory": "", "text": "В каких помещениях хранится карбид кальция? ", "correct": "1", "1": "В сухих проветриваемых помещениях.", "5": "В местах перечисленных в ответах 1 и 2.", "3": "На открытых площадках.", "amount": "5", "4": "В местах перечисленных выше.", "2": "В помещениях подвальных и цокольных этажей зданий оборудованных приточно-вытяжной вентиляцией.", "theme": "Правила противопожарного режима в Российской Федерации. Утвержденны постановлением Правительства Российской Федерации от 25 апреля 2012 г. № 390." }