{ "teory": "", "text": "Как следует защищать вскрытые барабаны с карбидом кальция?", "correct": "1", "1": "Защищать барабаны непроницаемыми для воды крышками.", "3": "Хранить барабаны в помещениях подвальных и цокольных этажей зданий оборудованных приточно-вытяжной вентиляцией.", "amount": "4", "4": "Защищать барабаны непроницаемыми для воды крышками и хранить в сушильных камерах.", "2": "Хранить барабаны в сухих хорошо проветриваемых помещениях.", "theme": "Правила противопожарного режима в Российской Федерации. Утвержденны постановлением Правительства Российской Федерации от 25 апреля 2012 г. № 390." }