{ "teory": "", "text": "Как осуществляется транспортирование баллонов с газами к месту проведения сварочных работ? ", "correct": "1", "1": "С навинченными на горловины предохранительными колпаками, на специальных тележках, носилках, санках.", "3": "В горизонтальном положении, с навинченными на горловины предохранительными колпаками.", "amount": "4", "4": "С навинченными на горловины предохранительными колпаками, переносимыми на руках.", "2": "В вертикальном положении, с навинченными на горловины предохранительными колпаками.", "theme": "Правила противопожарного режима в Российской Федерации. Утвержденны постановлением Правительства Российской Федерации от 25 апреля 2012 г. № 390." }