{ "teory": "", "text": "Требует ли согласия работника перемещение его у того же работодателя на другое рабочее место, в другое структурное подразделение, расположенное в той же местности, поручение ему работы на другом механизме или агрегате? ", "correct": "2", "1": "Требует письменного согласия.", "3": "Не требует если это перемещение согласовано с профсоюзной организацией.", "amount": "4", "4": "Не требует на срок не более 1 месяца.", "2": "Не требует если это не влечет за собой изменения определенных сторонами условий трудового договора.", "theme": "Трудовой кодекс РФ от 30.12. 2001 № 197-ФЗ. " }