{ "teory": "", "text": "Какие работники допускаются к прохождению стажировки?", "correct": "4", "1": "Прошедшие в установленнном порядке первичный инструктаж", "3": "Прошедшие проверку знаний требований охраны труда по установленной программе", "amount": "4", "4": "Все вышеперечисленное", "2": "Прошедшие обучение требованиям охраны труда по программе", "theme": "Порядок обучения и инструктажи" }