{ "teory": "", "text": "Разрешается ли хранение в одном помещении кислородных баллонов и баллонов с горючими газами? ", "correct": "5", "1": "Разрешается.", "5": "Запрещается.", "3": "Разрешается в отдельно стоящих помещениях из несгораемых конструкций.", "amount": "5", "4": "Разрешается при выполнении требований перечисленных в ответах 2 и 3.", "2": "Разрешается только пустых кислородных баллонов и пустых баллонов с горючими газами.", "theme": "Правила противопожарного режима в Российской Федерации. Утвержденны постановлением Правительства Российской Федерации от 25 апреля 2012 г. № 390." }