{ "teory": "", "text": "Разрешается ли применять медный инструмент для вскрытия барабанов с карбидом кальция, а также медь в качестве припоя для пайки ацетиленовой аппаратуры и в других местах, где возможно соприкосновение с ацетиленом? ", "correct": "2", "1": "Разрешается.", "3": "Разрешается в помещениях оборудованных приточно-вытяжной вентиляцией.", "amount": "4", "4": "Правилами не регламентируется.", "2": "Запрещается.", "theme": "Правила противопожарного режима в Российской Федерации. Утвержденны постановлением Правительства Российской Федерации от 25 апреля 2012 г. № 390." }