{ "teory": "", "text": "Что запрещается при проведении газосварочных или газорезательных работ с карбидом кальция? ", "correct": "4", "1": "Использовать 1 водяной затвор двум сварщикам.", "5": "Действия перечисленные в ответах 2 и 3.", "3": "Перекручивать, заламывать или зажимать газоподводящие шланги и производить продувку шланга для горючих газов кислородом и кислородного шланга горючим газом, а также взаимозаменять шланги при работе.", "amount": "5", "4": "Действия перечисленные выше.", "2": "Форсировать работу ацетиленовых генераторов путем преднамеренного увеличения давления газа в них или увеличения единовременной загрузки карбида кальция и переносить генератор при наличии в газосборнике ацетилена.", "theme": "Правила противопожарного режима в Российской Федерации. Утвержденны постановлением Правительства Российской Федерации от 25 апреля 2012 г. № 390." }