{ "teory": "", "text": "Разрешается ли использовать провода без изоляции или с поврежденной изоляцией, а также применять нестандартные автоматические выключатели при проведении электросварочных работ? ", "correct": "2", "1": "Разрешается.", "3": "Разрешается только при постоянном контроле со стороны ответственного за проведении электросварочных работ.", "amount": "3", "2": "Запрещается.", "theme": "Правила противопожарного режима в Российской Федерации. Утвержденны постановлением Правительства Российской Федерации от 25 апреля 2012 г. № 390." }