{ "teory": "", "text": "Какими способами следует соединять сварочные провода при проведении электросварочных работ? ", "correct": "4", "1": "При помощи опрессования.", "5": "Способами перечисленными в ответах 1 и 3.", "3": "С помощью специальных зажимов.", "amount": "5", "4": "Способами перечисленными выше.", "2": "При помощи сварки или пайки.", "theme": "Правила противопожарного режима в Российской Федерации. Утвержденны постановлением Правительства Российской Федерации от 25 апреля 2012 г. № 390." }