{ "teory": "", "text": "На каком расстоянии необходимо располагать кабели (провода) электросварочных машин, при проведении электросварочных работ, от трубопроводов с кислородом и от трубопроводов и баллонов с ацетиленом и других горючих газов? ", "correct": "1", "1": "От трубопроводов с кислородом не менее 0,5 метра, от трубопроводов и баллонов с ацетиленом и других горючих газов не менее 1 метра.", "3": "От трубопроводов с кислородом не менее 1,5 метра, от трубопроводов и баллонов с ацетиленом и других горючих газов не менее 3 метров.", "amount": "4", "4": "Расстояние не нормируется.", "2": "От трубопроводов с кислородом не менее 1 метра, от трубопроводов и баллонов с ацетиленом и других горючих газов не менее 1,5 метра.", "theme": "Правила противопожарного режима в Российской Федерации. Утвержденны постановлением Правительства Российской Федерации от 25 апреля 2012 г. № 390." }