{ "teory": "", "text": "Что может использоваться в качестве обратного проводника, соединяющего свариваемое изделие с источником тока? ", "correct": "1", "1": "Стальные или алюминиевые шины любого профиля, сварочные плиты, стеллажи и сама свариваемая конструкция при условии, если их сечение обеспечивает безопасное по условиям нагрева протекание тока.", "5": "Перечисленное в ответах 1 и 3.", "3": "Сети заземления или зануления.", "amount": "5", "4": "Перечисленное выше.", "2": "Металлические конструкции зданий, коммуникаций и технологического оборудования.", "theme": "Правила противопожарного режима в Российской Федерации. Утвержденны постановлением Правительства Российской Федерации от 25 апреля 2012 г. № 390." }