{ "teory": "", "text": "Какие требования предъявляются к обратному проводнику от свариваемого изделия до источника тока при проведении электросварочных работ в пожаровзрывоопасных и пожароопасных помещениях и сооружениях? ", "correct": "1", "1": "Выполняется только изолированным проводом, причем по качеству изоляции он не должен уступать прямому проводнику, присоединяемому к электрододержателю.", "3": "Выполняется изолированным проводом диаметром не менее диаметра прямого проводника, присоединяемого к электрододержателю.", "amount": "4", "4": "Выполняется металлической шиной с качественными контактами исключающими образование искр.", "2": "Должен быть медным или алюминиевым любого профиля, если сечение обеспечивает протекание тока без нагрева проводника.", "theme": "Правила противопожарного режима в Российской Федерации. Утвержденны постановлением Правительства Российской Федерации от 25 апреля 2012 г. № 390." }