{ "teory": "", "text": "Какие электроды следует применять при проведении электросварочных работ? ", "correct": "3", "1": "Изготовленные в заводских условиях.", "3": "Изготовленные в заводских условиях, соответствующие номинальной величине сварочного тока.", "amount": "4", "4": "Изготовленные самодельным способом, соответствующие номинальной величине сварочного тока.", "2": "Изготовленные самодельным способом.", "theme": "Правила противопожарного режима в Российской Федерации. Утвержденны постановлением Правительства Российской Федерации от 25 апреля 2012 г. № 390." }