{ "teory": "", "text": "Куда следует помещать остатки (огарки) электродов при смене электродов при проведении электросварочных работ? ", "correct": "2", "1": "В специальный деревянный ящик, устанавливаемый у места сварочных работ.", "3": "Бросать на пол у места сварочных работ.", "amount": "3", "2": "В специальный металлический ящик, устанавливаемый у места сварочных работ.", "theme": "Правила противопожарного режима в Российской Федерации. Утвержденны постановлением Правительства Российской Федерации от 25 апреля 2012 г. № 390." }