{ "teory": "", "text": "По какому документу проводится стажировка по охране труда на рабочем месте?", "correct": "3", "1": "По программе первичного инструктажа", "5": "По должностной инструкции", "3": "По программе стажировки", "amount": "5", "4": "По рабочей инструкции", "2": "По программе обучения ", "theme": "Порядок обучения и инструктажи" }