{ "teory": "", "text": "На какой срок по соглашению сторон, заключаемому в письменной форме, работник может быть временно переведен на другую работу у того же работодателя?", "correct": "2", "1": "До одного месяца.", "3": "До срока, определенного соглашением.", "amount": "3", "2": "До одного года.", "theme": "Трудовой кодекс РФ от 30.12. 2001 № 197-ФЗ. " }