{ "teory": "", "text": "Какие требования предъявляются к электросварочной установке на время работы? ", "correct": "4", "1": "Электросварочная установка должна быть заземлена.", "5": "Требования перечисленные в ответах 2, 3 и 4.", "3": "Электросварочная установка должна быть ограждена.", "amount": "5", "4": "Электросварочная установка, а также зажим вторичной обмотки сварочного трансформатора, к которому присоединяется проводник, идущий к изделию (обратный проводник) должны быть заземлены.", "2": "Электросварочная установка должна быть в исправном состоянии и устанавливаться на изолирующей подставке.", "theme": "Правила противопожарного режима в Российской Федерации. Утвержденны постановлением Правительства Российской Федерации от 25 апреля 2012 г. № 390." }