{ "teory": "", "text": "От куда обеспечивается питание дуги в установках для атомно-водородной сварки при проведении электросварочных работ? ", "correct": "1", "1": "От отдельного трансформатора.", "3": "Перечисленное выше.", "amount": "3", "2": "От распределительной сети через регулятор тока любого типа.", "theme": "Правила противопожарного режима в Российской Федерации. Утвержденны постановлением Правительства Российской Федерации от 25 апреля 2012 г. № 390." }