{ "teory": "", "text": "Какие требования пожарной безопасности необходимо соблюдать при огневых работах, связанных с резкой металла? ", "correct": "4", "1": "Принимать меры по предотвращению разлива легковоспламеняющихся и горючих жидкостей, а так же применять горючее для бензо- и керосинорезательных работ в соответствии с имеющейся инструкцией.", "5": "Требования перечисленные в ответах 1 и 2.", "3": "Проверять перед началом работ исправность арматуры бензо- и керосинореза, плотность соединений шлангов на ниппелях, исправность резьбы в накидных гайках и головках.", "amount": "5", "4": "Требования перечисленные выше.", "2": "Не допускать хранение запаса горючего на месте проведения бензо- и керосинорезательных работ в количестве более сменной потребности.", "theme": "Правила противопожарного режима в Российской Федерации. Утвержденны постановлением Правительства Российской Федерации от 25 апреля 2012 г. № 390." }