{ "teory": "", "text": "Что запрещается при проведении бензо- и керосинорезательных работ? ", "correct": "4", "1": "Перегревать испаритель резака, а также подвешивать резак во время работы вертикально, головкой вверх.", "5": "Перечисленное в ответах 2 и 3.", "3": "Использовать кислородные шланги для подвода бензина или керосина к резаку.", "amount": "5", "4": "Перечисленное выше.", "2": "Зажимать, перекручивать или заламывать шланги, подающие кислород или горючее к резаку.", "theme": "Правила противопожарного режима в Российской Федерации. Утвержденны постановлением Правительства Российской Федерации от 25 апреля 2012 г. № 390." }