{ "teory": "", "text": "Какие требования безопасности предъявляются к содержанию паяльных ламп?", "correct": "3", "1": "Содержать в исправном состоянии, перед каждым использованием проверять на прочность и герметичность.", "3": "Содержать в исправном состоянии и осуществлять проверки их параметров в соответствии с технической документацией не реже 1 раза в месяц.", "amount": "4", "4": "Содержать в исправном состоянии, перед каждым использованием проверять на прочность и герметичность, а также не реже одного раза в квартал должны проводится контрольные гидроиспытания.", "2": "Содержать в исправном состоянии и осуществлять проверки их параметров в соответствии с технической документацией перед каждым использованием.", "theme": "Правила противопожарного режима в Российской Федерации. Утвержденны постановлением Правительства Российской Федерации от 25 апреля 2012 г. № 390." }