{ "teory": "", "text": "Что запрещается во избежание взрыва паяльной лампы? ", "correct": "4", "1": "Применять в качестве горючего для ламп, работающих на керосине, бензин или смеси бензина с керосином и заполнять лампу горючим более чем на три четвертых объема ее резервуара.", "5": "Перечисленное в ответах 1 и 3.", "3": "Отвертывать воздушный винт и наливную пробку, когда лампа горит или еще не остыла, ремонтировать лампу, а также выливать из нее горючее или заправлять ее горючим вблизи открытого огня (горящая спичка, сигарета и др.).", "amount": "5", "4": "Перечисленное выше.", "2": "Повышать давление в резервуаре лампы при накачке воздуха более допустимого рабочего давления, указанного в паспорте.", "theme": "Правила противопожарного режима в Российской Федерации. Утвержденны постановлением Правительства Российской Федерации от 25 апреля 2012 г. № 390." }