{ "teory": "", "text": "Должен ли руководителем организации или лицом, ответственным за пожарную безопасность оформляться наряд-допуск на проведение огневых работ на временных местах? ", "correct": "2", "1": "Нет, не должен.", "3": "Нет, не должен, если выполняемые работы входят в перечень работ выполняемых без наряда - допуска.", "amount": "3", "2": "Да должен, кроме проведения работ на строительных площадках и у частных домовладений.", "theme": "Правила противопожарного режима в Российской Федерации. Утвержденны постановлением Правительства Российской Федерации от 25 апреля 2012 г. № 390." }