{ "teory": "", "text": "Назовите степень заполнения резервуаров топливом на автозаправочных станциях. ", "correct": "3", "1": "Не должна превышать 3\/4 геометрического объема емкости.", "3": "Не должна превышать 95 процентов их внутреннего геометрического объема.", "amount": "4", "4": "До уровня заливной горловины.", "2": "Не должна превышать 85 процентов их внутреннего геометрического объема.", "theme": "Правила противопожарного режима в Российской Федерации. Утвержденны постановлением Правительства Российской Федерации от 25 апреля 2012 г. № 390." }