{ "teory": "", "text": "При каких условиях можно проводить ремонтные и регламентные работы внутри резервуаров автозаправочных станций? ", "correct": "2", "1": "При условии, что концентрация паров топлива внутри резервуаров не превышает 20 процентов нижнего концентрационного предела распространения пламени.", "3": "При условии, что концентрация паров топлива внутри резервуаров не превышает 10 процентов нижнего концентрационного предела распространения пламени, и при непрерывном контроле газовой среды.", "amount": "4", "4": "При условии, что концентрация паров топлива внутри резервуаров не превышает 25 процентов нижнего концентрационного предела распространения пламени, и при непрерывном контроле газовой среды.", "2": "При условии, что концентрация паров топлива внутри резервуаров не превышает 20 процентов нижнего концентрационного предела распространения пламени, и при непрерывном контроле газовой среды.", "theme": "Правила противопожарного режима в Российской Федерации. Утвержденны постановлением Правительства Российской Федерации от 25 апреля 2012 г. № 390." }