{ "teory": "", "text": "Кто должен контролировать процесс наполнения резервуара топливом из автоцистерны? ", "correct": "3", "1": "Работники автозаправочной станции.", "3": "Работники автозаправочной станции и водитель автоцистерны.", "amount": "3", "2": "Водитель автоцистерны.", "theme": "Правила противопожарного режима в Российской Федерации. Утвержденны постановлением Правительства Российской Федерации от 25 апреля 2012 г. № 390." }