{ "teory": "", "text": "Имеет ли право работник до истечения срока предупреждения об увольнении отозвать свое заявление?", "correct": "1", "1": "Имеет в любое время.", "3": "Имеет если на его место не приглашен в письменной форме другой работник.", "amount": "3", "2": "Не имеет.", "theme": "Трудовой кодекс РФ от 30.12. 2001 № 197-ФЗ. " }