{ "teory": "", "text": "Какова продолжительность стажировки по охране труда на рабочем месте для работников, эксплуататириующих опасные производственные объекты?", "correct": "1", "1": "Не менее 14 смен", "5": "от 3 до 19 рабочих смен", "3": "14 смен", "amount": "5", "4": "21 смена", "2": "Не более 14 смен", "theme": "Порядок обучения и инструктажи" }