{ "teory": "", "text": "Что запрещается на автозаправочной станции? ", "correct": "4", "1": "Заправка транспортных средств с работающими двигателями.", "5": "Действия перечисленные в ответах 1 и 2.", "3": "Заполнение резервуаров топливом и заправка транспортных средств во время грозы и в случае опасности проявления атмосферных разрядов.", "amount": "5", "4": "Действия перечисленные выше.", "2": "Проезд транспортных средств над подземными резервуарами, если это не предусмотрено технико-эксплуатационной документацией.", "theme": "Правила противопожарного режима в Российской Федерации. Утвержденны постановлением Правительства Российской Федерации от 25 апреля 2012 г. № 390." }