{ "teory": "", "text": "Разрешается ли на автозаправочной станции заправка транспортных средств с опасными грузами классов 1 - 9 (взрывчатые вещества, сжатые и сжиженные горючие газы, легковоспламеняющиеся жидкости и материалы, ядовитые и радиоактивные вещества и др.)? ", "correct": "3", "1": "Разрешается.", "3": "Запрещается, за исключением специально предусмотренных для этого топливозаправочных пунктов.", "amount": "3", "2": "Запрещается.", "theme": "Правила противопожарного режима в Российской Федерации. Утвержденны постановлением Правительства Российской Федерации от 25 апреля 2012 г. № 390." }