{ "teory": "", "text": "Какое количество первичных средств пожаротушения следует оснащать автозаправочные станции для заправки только легковых автомобилей, имеющих от 1 до 4 топливораздаточных колонок? ", "correct": "1", "1": "Один воздушно-пенный огнетушитель (вместимостью 10 литров, или массой огнетушащего вещества 9 килограммов) и один порошковый огнетушитель (вместимостью 5 литров, или массой огнетушащего вещества 4 килограмма).", "3": "Два передвижных порошковых огнетушителя (вместимостью не менее 50 литров каждый).", "amount": "3", "2": "Два воздушно-пенных огнетушителя (вместимостью 10 литров, или массой огнетушащего вещества 9 килограммов, каждый) и два порошковых огнетушителя (вместимостью 5 литров, или массой огнетушащего вещества 4 килограмма, каждый).", "theme": "Правила противопожарного режима в Российской Федерации. Утвержденны постановлением Правительства Российской Федерации от 25 апреля 2012 г. № 390." }