{ "teory": "", "text": "Какое количество первичных средств пожаротушения следует оснащать автозаправочные станции для заправки грузовых автомобилей, автобусов, крупногабаритной строительной техники? ", "correct": "2", "1": "Два воздушно-пенных огнетушителя (вместимостью 10 литров, или массой огнетушащего вещества 9 килограммов, каждый) и два порошковых огнетушителя (вместимостью 5 литров, или массой огнетушащего вещества 4 килограмма, каждый).", "3": "Четыре передвижных порошковых огнетушителя (вместимостью не менее 50 литров каждый).", "amount": "4", "4": "По одному передвижному порошковому огнетушителю (вместимостью не менее 50 литров) на каждую топливораздаточную колонку.", "2": "Два передвижных порошковых огнетушителя (вместимостью не менее 50 литров каждый) и ручные воздушно-пенные огнетушители в количестве, предусмотренном для заправочных островков для заправки легковых автомобилей.", "theme": "Правила противопожарного режима в Российской Федерации. Утвержденны постановлением Правительства Российской Федерации от 25 апреля 2012 г. № 390." }