{ "teory": "", "text": "Что следует учитывать при определении видов и количества первичных средств пожаротушения? ", "correct": "5", "1": "Физико-химические и пожароопасные свойства горючих веществ, их взаимодействие с огнетушащими веществами.", "5": "Перечисленное в ответах 1 и 2.", "3": "Стоимостью, находящихся в помещении материальных ценностей.", "amount": "5", "4": "Перечисленное выше.", "2": "Площадь производственных помещений, открытых площадок и установок.", "theme": "Правила противопожарного режима в Российской Федерации. Утвержденны постановлением Правительства Российской Федерации от 25 апреля 2012 г. № 390." }