{ "teory": "", "text": "Какое количество огнетушителей необходимо размещать на каждом этаже в общественных зданиях и сооружениях? ", "correct": "1", "1": "Не менее 2 ручных огнетушителей.", "3": "Не менее 2 ручных огнетушителей и 1 передвижного огнетушителя.", "amount": "3", "2": "Не менее 4 ручных огнетушителей.", "theme": "Правила противопожарного режима в Российской Федерации. Утвержденны постановлением Правительства Российской Федерации от 25 апреля 2012 г. № 390." }