{ "teory": "", "text": "Какое расстояние не должно превышать от возможного очага пожара до места размещения огнетушителя для помещений категорий А, Б и В по взрывопожарной и пожарной опасности? ", "correct": "3", "1": "10 метров.", "3": "30 метров.", "amount": "4", "4": "70 метров.", "2": "20 метров.", "theme": "Правила противопожарного режима в Российской Федерации. Утвержденны постановлением Правительства Российской Федерации от 25 апреля 2012 г. № 390." }