{ "teory": "", "text": "Что должен иметь каждый огнетушитель, установленный на объекте? ", "correct": "3", "1": "Паспорт.", "3": "Паспорт и порядковый номер, нанесенный на корпус белой краской.", "amount": "3", "2": "Порядковый номер, нанесенный на корпус белой краской.", "theme": "Правила противопожарного режима в Российской Федерации. Утвержденны постановлением Правительства Российской Федерации от 25 апреля 2012 г. № 390." }