{ "teory": "", "text": "Где следует располагать огнетушители? ", "correct": "3", "1": "На складе.", "3": "На видных местах вблизи от выходов из помещений на высоте не более 1,5 метра.", "amount": "4", "4": "В помещении диспетчерского пункта (пожарного поста).", "2": "На видных местах вблизи от выходов из помещений на высоте не менее 1,5 метра.", "theme": "Правила противопожарного режима в Российской Федерации. Утвержденны постановлением Правительства Российской Федерации от 25 апреля 2012 г. № 390." }