{ "teory": "", "text": "В каком случае требуется обязательное участие выборного органа первичной профсоюзной организации в рассмотрении вопросов, связанных с расторжением трудового договора по инициативе работодателя?", "correct": "1", "1": "При принятии решения о сокращении численности или штата работников организации.", "5": "В одном из перечисленных выше.", "3": "Несоответствия работника занимаемой должности или выполняемой работе вследствие недостаточной квалификации, подтвержденной результатами аттестации.", "amount": "5", "4": "Неоднократного неисполнения работником без уважительных причин трудовых обязанностей, если он имеет дисциплинарное взыскание.", "2": "Ликвидации организации либо прекращения деятельности индивидуальным предпринимателем.", "theme": "Трудовой кодекс РФ от 30.12. 2001 № 197-ФЗ. " }