{ "teory": "", "text": "Для каких целей в зданиях, сооружениях, строениях и на территориях оборудуются пожарные щиты? ", "correct": "1", "1": "Для размещения первичных средств пожаротушения, немеханизированного пожарного инструмента и инвентаря.", "amount": "2", "2": "Для хранения и использования инструмента и инвентаря в хозяйственных и прочих нуждах.", "theme": "Правила противопожарного режима в Российской Федерации. Утвержденны постановлением Правительства Российской Федерации от 25 апреля 2012 г. № 390." }