{ "teory": "", "text": "Разрешается ли использование первичных средств пожаротушения, немеханизированного пожарного инструмента и инвентаря для хозяйственных и прочих нужд, не связанных с тушением пожара? ", "correct": "3", "1": "Разрешается.", "3": "Запрещается.", "amount": "3", "2": "Разрешается с согласования руководителя организации.", "theme": "Правила противопожарного режима в Российской Федерации. Утвержденны постановлением Правительства Российской Федерации от 25 апреля 2012 г. № 390." }