{ "teory": "", "text": "Какой минимальный радиус очистки территории от горючих материалов при высоте точки сварки два метра над уровнем пола или прилегающей территории? ", "correct": "3", "1": "5 метров.", "5": "10 метров.", "3": "8 метров.", "amount": "5", "4": "9 метров.", "2": "6 метров.", "theme": "Правила противопожарного режима в Российской Федерации. Утвержденны постановлением Правительства Российской Федерации от 25 апреля 2012 г. № 390." }