{ "teory": "", "text": "Какой минимальный радиус очистки территории от горючих материалов при высоте точки сварки четыре метра над уровнем пола или прилегающей территории? ", "correct": "3", "1": "8 метров.", "5": "14 метров.", "3": "10 метров.", "amount": "5", "4": "12 метров.", "2": "9 метров.", "theme": "Правила противопожарного режима в Российской Федерации. Утвержденны постановлением Правительства Российской Федерации от 25 апреля 2012 г. № 390." }