{ "teory": "", "text": "Что устанавливают Правила противопожарного режима в Российской Федерации в целях обеспечения требований пожарной безопасности? ", "correct": "1", "1": "Правила поведения людей, порядок организации производства и (или) содержания территорий, зданий, сооружений, помещений организаций и других объектов.", "5": "Порядок организации производства и (или) содержания территорий, зданий, сооружений, помещений организаций и других объектов.", "3": "Правила поведения людей, порядок организации производства.", "amount": "5", "4": "Правила поведения людей, порядок организации производства и (или) содержания территорий организаций и других объектов.", "2": "Правила поведения людей.", "theme": "Правила противопожарного режима в Российской Федерации. Утвержденны постановлением Правительства Российской Федерации от 25 апреля 2012 г. № 390." }