{ "teory": "", "text": "Кем определяется порядок и сроки проведения противопожарного инструктажа и прохождения пожарно-технического минимума? ", "correct": "5", "1": "Отделом охраны труда организации.", "5": "Руководителем организации.", "3": "Начальником цеха, службы, участка филиала.", "amount": "5", "4": "Специалистом пожарной охраны организации.", "2": "Территориальным управлением надзорной деятельности МЧС России.", "theme": "Правила противопожарного режима в Российской Федерации. Утвержденны постановлением Правительства Российской Федерации от 25 апреля 2012 г. № 390." }