{ "teory": "", "text": "Что запрещается оставлять в помещениях, в которых отсутствует дежурный персонал, по окончании рабочего времени? ", "correct": "4", "1": "Не обесточенные электроустановки и бытовые электроприборы.", "3": "Не обесточенные электроустановки и бытовые электроприборы, за исключением дежурного освещения, систем противопожарной защиты, а также других электроустановок и электротехнических приборов, если это обусловлено их функциональным назначением.", "amount": "4", "4": "Не обесточенные электроустановки и бытовые электроприборы, за исключением дежурного освещения, систем противопожарной защиты, а также других электроустановок и электротехнических приборов, если это обусловлено их функциональным назначением и (или) предусмотрено требованиями инструкции по эксплуатации.", "2": "Не обесточенные электроустановки и бытовые электроприборы, за исключением дежурного освещения, систем противопожарной защиты.", "theme": "Правила противопожарного режима в Российской Федерации. Утвержденны постановлением Правительства Российской Федерации от 25 апреля 2012 г. № 390." }