{ "teory": "", "text": "Что запрещается при эксплуатации газовых приборов? ", "correct": "4", "1": "Пользоваться неисправными газовыми приборами.", "5": "Перечисленное в ответах 1 и 3.", "3": "Устанавливать (размещать) мебель и другие горючие предметы и материалы на расстоянии менее 0,4 метра от бытовых газовых приборов по горизонтали и менее 0,9 метра по вертикали (при нависании указанных предметов и материалов над бытовыми газовыми приборами).", "amount": "5", "4": "Перечисленное в ответах 1 и 2.", "2": "Устанавливать (размещать) мебель и другие горючие предметы и материалы на расстоянии менее 0,2 метра от бытовых газовых приборов по горизонтали и менее 0,7 метра по вертикали (при нависании указанных предметов и материалов над бытовыми газовыми приборами).", "theme": "Правила противопожарного режима в Российской Федерации. Утвержденны постановлением Правительства Российской Федерации от 25 апреля 2012 г. № 390." }