{ "teory": "", "text": "В каких случаях запрещается эксплуатировать технологическое оборудование в пожаровзрывоопасных помещениях (установках)? ", "correct": "4", "1": "При неисправных и отключенных гидрофильтрах.", "5": "Запрещается эксплуатировать в случаях перечисленных в ответах 2 и 3.", "3": "При неисправных и отключенных пылеулавливающих и других устройствах систем вентиляции (аспирации).", "amount": "5", "4": "Запрещается эксплуатировать в случаях перечисленных в ответах 1, 2 и 3.", "2": "При неисправных и отключенных сухих фильтрах.", "theme": "Правила противопожарного режима в Российской Федерации. Утвержденны постановлением Правительства Российской Федерации от 25 апреля 2012 г. № 390." }