{ "teory": "", "text": "Что должно соблюдаться при монтаже, ремонте и обслуживании средств обеспечения пожарной безопасности зданий и сооружений? ", "correct": "4", "1": "Проектные решения.", "5": "Перечисленное в ответах 1, 2 и 3.", "3": "Требования специальных правил для монтажа, ремонта и обслуживания средств обеспечения пожарной безопасности зданий и сооружений.", "amount": "5", "4": "Перечисленное в ответах 1 и 2.", "2": "Требования нормативных документов по пожарной безопасности и (или) специальных технических условий.", "theme": "Правила противопожарного режима в Российской Федерации. Утвержденны постановлением Правительства Российской Федерации от 25 апреля 2012 г. № 390." }