{ "teory": "", "text": "Может ли быть уволен работник по инициативе работодателя за совершение им прогула, а также в случае отсутствия на рабочем месте без уважительных причин более четырех часов подряд в течение рабочего дня (смены)?", "correct": "1", "1": "Может.", "3": "Может с учетом мнения выборного органа первичной профсоюзной организации.", "amount": "3", "2": "Не может.", "theme": "Трудовой кодекс РФ от 30.12. 2001 № 197-ФЗ. " }