{ "teory": "", "text": "В каких случаях запрещается эксплуатировать печи и другие отопительные приборы? ", "correct": "4", "1": "Без противопожарных разделок (отступок) от горючих конструкций.", "5": "В случаях перечисленных в ответах 1 и 2.", "3": "При наличии прогаров и повреждений в разделках (отступках) и предтопочных листах.", "amount": "5", "4": "В случаях перечисленных выше.", "2": "Без предтопочных листов, изготовленных из негорючего материала размером не менее 0,5 x 0,7 метра (на деревянном или другом полу из горючих материалов).", "theme": "Правила противопожарного режима в Российской Федерации. Утвержденны постановлением Правительства Российской Федерации от 25 апреля 2012 г. № 390." }