{ "teory": "", "text": "Где запрещается хранение баллонов с горючими газами? ", "correct": "4", "1": "В индивидуальных жилых домах, квартирах и жилых комнатах.", "5": "В местах перечисленных в ответах 1 и 2.", "3": "В цокольных этажах, в подвальных и чердачных помещениях, на балконах и лоджиях.", "amount": "5", "4": "В местах перечисленных выше.", "2": "На кухнях, путях эвакуации, лестничных клетках.", "theme": "Правила противопожарного режима в Российской Федерации. Утвержденны постановлением Правительства Российской Федерации от 25 апреля 2012 г. № 390." }