{ "teory": "", "text": "В каких случаях запрещается проводить работы в вытяжном шкафу? ", "correct": "4", "1": "При отключенной системе вентиляции вытяжного шкафа.", "5": "В случаях перечисленных в ответах 1 и 3.", "3": "При неисправности вытяжного шкафа.", "amount": "5", "4": "В случаях перечисленных выше.", "2": "Если в вытяжном шкафу находятся вещества, материалы и оборудование, не относящиеся к выполняемым операциям.", "theme": "Правила противопожарного режима в Российской Федерации. Утвержденны постановлением Правительства Российской Федерации от 25 апреля 2012 г. № 390." }