{ "teory": "", "text": "В каком количестве допускается хранение медикаментов и реактивов, относящихся к легковоспламеняющимся и горючим жидкостям (спирт, эфир и др.) в лабораториях, отделениях и кабинетах врачей?", "correct": "3", "1": "Общим весом не более 1 килограмма с учетом их совместимости в закрывающихся на замок металлических шкафах.", "5": "Общим весом не более 5 килограммов с учетом их совместимости в закрывающихся на замок металлических шкафах.", "3": "Общим весом не более 3 килограммов с учетом их совместимости в закрывающихся на замок металлических шкафах.", "amount": "5", "4": "Общим весом не более 4 килограммов с учетом их совместимости в закрывающихся на замок металлических шкафах.", "2": "Общим весом не более 2 килограммов с учетом их совместимости в закрывающихся на замок металлических шкафах.", "theme": "Правила противопожарного режима в Российской Федерации. Утвержденны постановлением Правительства Российской Федерации от 25 апреля 2012 г. № 390." }