{ "teory": "", "text": "Когда запрещается совместное применение (если это не предусмотрено технологическим регламентом), хранение и транспортировка веществ и материалов? ", "correct": "5", "1": "Когда вещества и материалы, которые при взаимодействии друг с другом способны воспламеняться.", "5": "Когда вещества и материалы, которые при взаимодействии друг с другом способны воспламеняться, взрываться или образовывать горючие и токсичные газы (смеси).", "3": "Когда вещества и материалы, которые при взаимодействии друг с другом способны образовывать горючие газы (смеси).", "amount": "5", "4": "Когда вещества и материалы, которые при взаимодействии друг с другом способны воспламеняться или образовывать горючие и токсичные газы (смеси).", "2": "Когда вещества и материалы, которые при взаимодействии друг с другом способны взрываться.", "theme": "Правила противопожарного режима в Российской Федерации. Утвержденны постановлением Правительства Российской Федерации от 25 апреля 2012 г. № 390." }