{ "teory": "", "text": "В каком состоянии должны находиться двери и люки пылесборных камер и циклонов при их эксплуатации? ", "correct": "1", "1": "В закрытом состоянии.", "5": "Не установлено технологическим регламентом.", "3": "Двери в открытом состоянии, люки в закрытом состоянии.", "amount": "5", "4": "В открытом состоянии.", "2": "Двери в закрытом состоянии, люки в открытом состоянии.", "theme": "Правила противопожарного режима в Российской Федерации. Утвержденны постановлением Правительства Российской Федерации от 25 апреля 2012 г. № 390." }