{ "teory": "", "text": "В какие сроки проводятся проверки исправности огнепреградителей, очистки их огнегасящей насадки и мембранных клапанов? ", "correct": "4", "1": "Один раз в месяц.", "3": "Один раз в шесть месяцев", "amount": "4", "4": "Сроки проведения проверок устанавливает руководитель организации.", "2": "Один раз в три месяца.", "theme": "Правила противопожарного режима в Российской Федерации. Утвержденны постановлением Правительства Российской Федерации от 25 апреля 2012 г. № 390." }