{ "teory": "", "text": "Где в полевых условиях осуществляются хранение и заправка нефтепродуктами автомобилей и технологического оборудования? ", "correct": "3", "1": "На специальных площадках.", "3": "На специальных площадках, очищенных от сухой травы, горючего мусора и опаханных полосой шириной не менее 4 метров, или на пахоте на расстоянии 100 метров от токов, стогов сена и соломы, хлебных массивов и не менее 50 метров от строений.", "amount": "4", "4": "На специальных площадках, очищенных от сухой травы, горючего мусора и опаханных полосой шириной не менее 6 метров, или на пахоте на расстоянии 200 метров от токов, стогов сена и соломы, хлебных массивов и не менее 100 метров от строений.", "2": "На специальных площадках, очищенных от сухой травы, горючего мусора и опаханных полосой шириной не менее 2,5 метра, или на пахоте на расстоянии 50 метров от токов, стогов сена и соломы, хлебных массивов и не менее 20 метров от строений.", "theme": "Правила противопожарного режима в Российской Федерации. Утвержденны постановлением Правительства Российской Федерации от 25 апреля 2012 г. № 390." }