{ "teory": "", "text": "В каком случае запрещается эксплуатировать резервуары, трубопроводы, эстакады, цистерны под сливом и сливоналивные железнодорожные пути? ", "correct": "1", "1": "Без заземления.", "3": "Без внутреннего противопожарного водопровода.", "amount": "3", "2": "Без освещения.", "theme": "Правила противопожарного режима в Российской Федерации. Утвержденны постановлением Правительства Российской Федерации от 25 апреля 2012 г. № 390." }