{ "teory": "", "text": "Чем оборудуются металлические переносные и передвижные лестницы? ", "correct": "5", "1": "Медными крючками.", "5": "Перечисленное в ответах 1 и 2.", "3": "Табличками с инвентарными номерами и датой испытания. ", "amount": "5", "4": "Перечисленное выше.", "2": "Резиновыми подушками под стыками.", "theme": "Правила противопожарного режима в Российской Федерации. Утвержденны постановлением Правительства Российской Федерации от 25 апреля 2012 г. № 390." }