{ "teory": "", "text": "Что такое ушиб?", "correct": "3", "1": "Повреждения костей, которые сопровождаются нарушением ее целости", "3": "Закрытое повреждение тканей и органов без существенного нарушения их структуры", "amount": "3", "2": "Стойкое смещение суставных концов костей, которое вызывает нарушение функции сустава", "theme": "Медицинская часть" }