{ "teory": "", "text": "Выплачивается ли выходное пособие работникам, уволенным в связи с сокращением численности или штата работников организации?", "correct": "3", "1": "Не выплачивается.", "5": "Выплачивается по решению выборного органа первичной профсоюзной организации.", "3": "Выплачивается в размере среднемесячного заработка.", "amount": "5", "4": " Выплачивается в размере двух среднемесячных заработков.", "2": "Выплачивается в размере двухнедельного среднего заработка.", "theme": "Трудовой кодекс РФ от 30.12. 2001 № 197-ФЗ. " }