{ "teory": "", "text": "Какое освещение допускается внутри котлов и цистерн? ", "correct": "5", "1": "Стационарное 24 вольта.", "5": "Только аккумуляторными фонарями во взрывозащищенном исполнении.", "3": "Временное 36 вольт, взрывозащищенном исполнении.", "amount": "5", "4": "Стационарное и аккумуляторными фонарями во взрывозащищенном исполнении.", "2": "Стационарное 36 вольт.", "theme": "Правила противопожарного режима в Российской Федерации. Утвержденны постановлением Правительства Российской Федерации от 25 апреля 2012 г. № 390." }