{ "teory": "", "text": "Как часто необходимо очищать от остатков нефтепродуктов эстакады и площадки? ", "correct": "2", "1": "Не реже 2 раз в смену.", "5": "Не реже 1 раза в 10 дней.", "3": "Не реже 1 раза в сутки.", "amount": "5", "4": "Не реже 1 раза в неделю.", "2": "Не реже 1 раза в смену.", "theme": "Правила противопожарного режима в Российской Федерации. Утвержденны постановлением Правительства Российской Федерации от 25 апреля 2012 г. № 390." }