{ "teory": "", "text": "Что необходимо делать, если  на железнодорожных путях разлиты легковоспламеняющиеся и горючие жидкости? ", "correct": "5", "1": "Легковоспламеняющиеся и горючие жидкости должны засыпаться песком.", "5": "Легковоспламеняющиеся и горючие жидкости должны засыпаться песком, землей и удаляться за полосу отвода.", "3": "Легковоспламеняющиеся и горючие жидкости должны засыпаться опилками и удаляться за полосу отвода.", "amount": "5", "4": "Легковоспламеняющиеся и горючие жидкости должны смываться водой, засыпаться песком, землей и удаляться за полосу отвода.", "2": "Легковоспламеняющиеся и горючие жидкости должны засыпаться землей.", "theme": "Правила противопожарного режима в Российской Федерации. Утвержденны постановлением Правительства Российской Федерации от 25 апреля 2012 г. № 390." }