{ "teory": "", "text": "Упаковка каких веществ и материалов должна быть герметичной? ", "correct": "5", "1": "Пожаровзрывоопасных веществ и материалов, которые выделяют легковоспламеняющиеся, ядовитые, едкие, коррозионные пары или газы.", "5": "Упаковка веществ и материалов перечисленных выше.", "3": "Пожаровзрывоопасных веществ и материалов, которые становятся взрывчатыми при высыхании.", "amount": "5", "4": "Веществ и материалов, обладающих окисляющими свойствами.", "2": "Пожаровзрывоопасных веществ и материалов, которые могут воспламеняться при взаимодействии с воздухом и влагой.", "theme": "Правила противопожарного режима в Российской Федерации. Утвержденны постановлением Правительства Российской Федерации от 25 апреля 2012 г. № 390." }