{ "teory": "", "text": "Как упаковываются пожароопасные вещества и материалы в стеклянной таре? ", "correct": "4", "1": "Упаковываются в прочные ящики или обрешетки (деревянные, пластмассовые, металлические).", "5": "Упаковываются в прочные ящики или обрешетки, исключающими разгерметизацию стеклянной тары.", "3": "Упаковываются в прочные ящики или обрешетки из негорючих материалов.", "amount": "5", "4": "Упаковываются в прочные ящики или обрешетки (деревянные, пластмассовые, металлические) с заполнением свободного пространства соответствующими негорючими прокладочными и впитывающими материалами, исключающими разгерметизацию тары.", "2": "Упаковываются в прочные ящики или обрешетки (деревянные, пластмассовые, металлические) с заполнением свободного пространства негорючими материалами.", "theme": "Правила противопожарного режима в Российской Федерации. Утвержденны постановлением Правительства Российской Федерации от 25 апреля 2012 г. № 390." }