{ "teory": "", "text": "Что должно быть на транспортном средстве, перевозящем пожаровзрывоопасные вещества, а также на каждом грузовом месте, на котором находятся эти вещества и материалы? ", "correct": "3", "1": "Углекислотные огнетушители и асбестовое полотно (кошма).", "3": "Знаки безопасности.", "amount": "3", "2": "Порошковые огнетушители и асбестовое полотно (кошма).", "theme": "Правила противопожарного режима в Российской Федерации. Утвержденны постановлением Правительства Российской Федерации от 25 апреля 2012 г. № 390." }