{ "teory": "", "text": "Что запрещается в местах погрузочно-разгрузочных работ с пожаровзрывоопасными и пожароопасными веществами и материалами?", "correct": "3", "1": "Находиться посторонним лицам.", "3": "Пользоваться открытым огнем.", "amount": "3", "2": "Применять грузоподъёмные механизмы с двигателями внутреннего сгорания, не оборудованными искрогасителями.", "theme": "Правила противопожарного режима в Российской Федерации. Утвержденны постановлением Правительства Российской Федерации от 25 апреля 2012 г. № 390." }