{ "teory": "", "text": "Что следует сделать при обнаружении повреждений тары (упаковки), рассыпанных или разлитых пожаровзрывоопасных и пожароопасных веществ и материалов? ", "correct": "4", "1": "Следует немедленно удалить поврежденную тару (упаковку).", "5": "Действия перечисленные в ответах 1 и 3.", "3": "Следует немедленно убрать рассыпанные или разлитые вещества.", "amount": "5", "4": "Действия перечисленные выше.", "2": "Следует немедленно очистить пол.", "theme": "Правила противопожарного режима в Российской Федерации. Утвержденны постановлением Правительства Российской Федерации от 25 апреля 2012 г. № 390." }