{ "teory": "", "text": "Когда запрещается производить погрузочно-разгрузочные работы с пожаровзрывоопасными и пожароопасными веществами и материалами? ", "correct": "5", "1": "При работающих двигателях автомобилей.", "5": "Перечисленное в ответах 1 и 2.", "3": "При сильном ветре (более 9 м\/с).", "amount": "5", "4": "Перечисленное выше.", "2": "Во время дождя, если вещества и материалы склонны к самовозгоранию при взаимодействии с водой.", "theme": "Правила противопожарного режима в Российской Федерации. Утвержденны постановлением Правительства Российской Федерации от 25 апреля 2012 г. № 390." }