{ "teory": "", "text": "В каких целях пожаровзрывоопасные и пожароопасные вещества и материалы следует надежно закреплять в вагонах, контейнерах и кузовах автомобилей? ", "correct": "2", "1": "В целях исключения их хищения.", "3": "Перечисленное в ответах 1 и 2.", "amount": "3", "2": "В целях исключения их перемещения при движении.", "theme": "Правила противопожарного режима в Российской Федерации. Утвержденны постановлением Правительства Российской Федерации от 25 апреля 2012 г. № 390." }