{ "teory": "", "text": "Кому из работников, имеющих равную производительность и квалификацию, не отдается предпочтения в оставлении на работе при сокращении численности или штата?", "correct": "4", "1": "Семейным - при наличии двух и более иждивенцев; лицам, в семье которых нет других работников с самостоятельным заработком.", "5": "Другим категориям работников, предусмотренным коллективным договором.", "3": "Инвалидам Великой Отечественной войны и инвалидам боевых действий по защите Отечества, работникам, повышающим свою квалификацию по направлению работодателя без отрыва от работы.", "amount": "5", "4": "Работникам, награжденным правительственными наградами.", "2": "Работникам, получившим в период работы у данного работодателя трудовое увечье или профессиональное заболевание.", "theme": "Трудовой кодекс РФ от 30.12. 2001 № 197-ФЗ. " }