{ "teory": "", "text": "Что необходимо проверить перед заполнением резервуаров, цистерн, тары и других ёмкостей легковоспламеняющейся и горючей жидкостью? ", "correct": "1", "1": "Исправность имеющегося замерного устройства.", "5": "Перечисленное в ответах 1, 2 и 3.", "3": "Исправность имеющегося заземляющего устройства.", "amount": "5", "4": "Перечисленное в ответах 1 и 2.", "2": "Исправность резервуаров, цистерн, тары и других ёмкостей.", "theme": "Правила противопожарного режима в Российской Федерации. Утвержденны постановлением Правительства Российской Федерации от 25 апреля 2012 г. № 390." }