{ "teory": "", "text": "Что проводится перед каждым наливом и сливом цистерны? ", "correct": "3", "1": "Проводится противопожарный инструктаж.", "5": "Перечисленное в ответах 1 и 3.", "3": "Проводится наружный осмотр присоединяемых рукавов.", "amount": "5", "4": "Перечисленное выше.", "2": "Проводится инструктаж по охране труда.", "theme": "Правила противопожарного режима в Российской Федерации. Утвержденны постановлением Правительства Российской Федерации от 25 апреля 2012 г. № 390." }