{ "teory": "", "text": "В каких случаях подлежат замене и (или) запрещается эксплуатация рукавов, применяемых при операциях слива и налива легковоспламеняющихся и горючих жидкостей? ", "correct": "4", "1": "Если рукава с устройствами присоединения имеют механические повреждения.", "5": "Перечисленное в ответах 1 и 2.", "3": "Если присоединяемые рукава имеют сквозные повреждения нитей корда.", "amount": "5", "4": "Перечисленное выше.", "2": "Если рукава с устройствами присоединения имеют износ резьбы.", "theme": "Правила противопожарного режима в Российской Федерации. Утвержденны постановлением Правительства Российской Федерации от 25 апреля 2012 г. № 390." }