{ "teory": "", "text": "К какому сроку необходимо завершить устройство подъездов и дорог к строящимся зданиям строительной площадки? ", "correct": "1", "1": "К началу основных строительных работ.", "3": "К началу работы приёмо-сдаточной комиссии.", "amount": "3", "2": "К началу отделочных строительных работ.", "theme": "Правила противопожарного режима в Российской Федерации. Утвержденны постановлением Правительства Российской Федерации от 25 апреля 2012 г. № 390." }