{ "teory": "", "text": "Из каких материалов выполняются транспаранты и баннеры, размещаемые на фасадах жилых, административных или общественных зданий? ", "correct": "3", "1": "Из негорючих материалов.", "3": "Из негорючих или трудногорючих материалов.", "amount": "4", "4": "Из горючих, трудногорючих или негорючих материалов.", "2": "Из трудногорючих материалов.", "theme": "Правила противопожарного режима в Российской Федерации. Утвержденны постановлением Правительства Российской Федерации от 25 апреля 2012 г. № 390." }