{ "teory": "", "text": "Когда производятся работы по огнезащите металлоконструкций возводимого объекта?", "correct": "3", "1": "До начала возведения объекта.", "3": "Одновременно с возведением объекта.", "amount": "3", "2": "После возведения объекта.", "theme": "Правила противопожарного режима в Российской Федерации. Утвержденны постановлением Правительства Российской Федерации от 25 апреля 2012 г. № 390." }