{ "teory": "", "text": "Какие меры безопасности необходимо выполнить с технологическим оборудованием, на котором будут проводиться огневые работы?", "correct": "4", "1": "Технологическое оборудование необходимо пропарить, промыть, очистить.", "5": "Меры безопасности, перечисленные в ответах 2 и 3.", "3": "Технологическое оборудование необходимо отключить от действующих коммуникаций (за исключением коммуникаций, используемых для подготовки к проведению огневых работ).", "amount": "5", "4": "Меры безопасности перечисленные выше.", "2": "Технологическое оборудование необходимо освободить от пожаровзрывоопасных веществ.", "theme": "Правила противопожарного режима в Российской Федерации. Утвержденны постановлением Правительства Российской Федерации от 25 апреля 2012 г. № 390." }