{ "teory": "", "text": "Каким способом следует производить наполнение резервуаров топливом?", "correct": "3", "1": "Способом \"падающая струя\".", "3": "Только закрытым способом.", "amount": "3", "2": "Только открытым способом.", "theme": "Правила противопожарного режима в Российской Федерации. Утвержденны постановлением Правительства Российской Федерации от 25 апреля 2012 г. № 390." }