{ "teory": "", "text": "Что необходимо выполнить при возникновении пожароопасных ситуаций на автозаправочной станции? ", "correct": "5", "1": "Отключить электропитание технологической системы (кроме электропитания систем противоаварийной и противопожарной защиты).", "5": "Действия перечисленные выше.", "3": "Освободить его территорию от посетителей и транспортных средств.", "amount": "5", "4": "Приступить к локализации и ликвидации пожароопасной ситуации.", "2": "Приостановить эксплуатацию объекта.", "theme": "Правила противопожарного режима в Российской Федерации. Утвержденны постановлением Правительства Российской Федерации от 25 апреля 2012 г. № 390." }