{ "teory": "", "text": "Чем необходимо оснащать автозаправочные станции для экстренной эвакуации горящего транспортного средства? ", "correct": "1", "1": "Жесткой буксировочной штангой длиной не менее 3 метров.", "3": "Жесткой буксировочной штангой длиной не менее 3 метров и (или) металлическим тросом не менее 5 метров.", "amount": "3", "2": "Металлическим тросом не менее 5 метров.", "theme": "Правила противопожарного режима в Российской Федерации. Утвержденны постановлением Правительства Российской Федерации от 25 апреля 2012 г. № 390." }