{ "teory": "", "text": "Допускается ли изменение определенных сторонами условий трудового договора по инициативе работодателя?", "correct": "4", "1": "Не допускается.", "5": "Допускается в случае, указанном в ответе 4 с учетом мнения выборного органа первичной профсоюзной организации", "3": "Допускается за исключением изменения трудовой функции работника.", "amount": "5", "4": "Допускается в случае, указанном в ответе 2 за исключением изменения трудовой функции работника.", "2": "Допускается в случае, когда по причинам, связанным с изменением организационных или технологических условий труда, определенные сторонами условия трудового договора не могут быть сохранены.", "theme": "Трудовой кодекс РФ от 30.12. 2001 № 197-ФЗ. " }