{ "teory": "", "text": "Первая помощь при растяжении и разрыве связок, сухожилий, мышц.", "correct": "5", "1": "Необходимо обеспечить покой", "5": "Все вышеперечисленное", "3": "Приложить холодный компресс на протяжении 12-24 часов", "amount": "5", "4": "Перейти на тепло и согревающие компрессы", "2": "Наложить тугую повязку", "theme": "Медицинская часть" }