{ "teory": "", "text": "На основе чего разрабатывается инструкция о мерах пожарной безопасности?", "correct": "4", "1": "Правил противопожарного режима в Российской Федерации.", "3": "На основе специфики пожарной опасности зданий, сооружений, помещений, технологических процессов, технологического и производственного оборудования.", "amount": "4", "4": "Правил противопожарного режима в Российской Федерации, нормативных документов по пожарной безопасности, исходя из специфики пожарной опасности зданий, сооружений, помещений, технологических процессов, технологического и производственного оборудования.", "2": "Нормативных документов по пожарной безопасности. ", "theme": "Правила противопожарного режима в Российской Федерации. Утвержденны постановлением Правительства Российской Федерации от 25 апреля 2012 г. № 390." }