{ "teory": "", "text": "Кому выдаются  за счет средств работодателя прошедшие в установленном порядке сертификацию или декларирование соответствия специальная одежда, специальная обувь и другие средства индивидуальной защиты? ", "correct": "5", "1": "Работникам, занятым в производствах с вредными и опасными условиями труда.", "5": "Работникам, указанным в ответах 1, 2 или 3.", "3": "Работникам, занятым на работах, связанных в особых температурных условиях.", "amount": "5", "4": "Работникам, указанным в ответах 1 и 2.", "2": "Работникам, занятым на работах, связанных с загрязнением.", "theme": "Межотраслевые правила обеспечения работников специальной одеждой, специальной обувью и другими средствами индивидуальной защиты. " }