{ "teory": "", "text": "За чей счет производится приобретение средств индивидуальной защиты и обеспечение ими работников в соответствии с требованиями охраны труда? ", "correct": "1", "1": "За счет средств работодателя.", "3": "За счет средств фонда социального страхования.", "amount": "4", "4": "За счет прибыли предприятия.", "2": "За счет средств работника.", "theme": "Межотраслевые правила обеспечения работников специальной одеждой, специальной обувью и другими средствами индивидуальной защиты. " }