{ "teory": "", "text": "На кого распространяется действие Межотраслевых правил обеспечения работников специальной одеждой, специальной обувью и другими средствами индивидуальной защиты? ", "correct": "5", "1": "На работодателей - юридических и физических лиц по отдельным  отраслям экономики.", "5": "Работники, указанные в ответах 3 и 4.", "3": "На работодателей - юридических и физических лиц независимо  от того, к какой отрасли экономики относятся производства, цехи, участки и виды работ.", "amount": "5", "4": "На работодателей - юридических и физических лиц независимо от их форм собственности и организационно-правовых форм.", "2": "На работников акционерных обществ и государственных предприятий.", "theme": "Межотраслевые правила обеспечения работников специальной одеждой, специальной обувью и другими средствами индивидуальной защиты. " }