{ "teory": "", "text": "Выдаются ли работникам сквозных профессий и должностей всех отраслей экономики средства защиты в соответствии с типовыми нормами ? ", "correct": "1", "1": "Да.", "amount": "2", "2": "Нет.", "theme": "Межотраслевые правила обеспечения работников специальной одеждой, специальной обувью и другими средствами индивидуальной защиты. " }