{ "teory": "", "text": "Может ли работодатель заменять один вид средств индивидуальной защиты другим, обеспечивающим равноценную защиту от опасных и вредных производственных факторов? ", "correct": "4", "1": "Может.", "5": "Может  в случаях, предусмотренных в отдельных отраслях экономики, указанных в Нормах...", "3": "Может в отдельных случаях в соответствии с особенностями производства.", "amount": "5", "4": "Может при условии ответа 3 с учетом мнения выборного органа первичной профсоюзной организации или иного уполномоченного работниками представительного органа.", "2": "Нет.", "theme": "Межотраслевые правила обеспечения работников специальной одеждой, специальной обувью и другими средствами индивидуальной защиты. " }