{ "teory": "", "text": "Как выдаются такие средства защиты, как предохранительный пояс, диэлектрические галоши и перчатки, защитные очки и щитки, шумовые шлемы и другие, которые не указаны в Типовых отраслевых нормах? ", "correct": "2", "1": "Приобретаются работниками за свой счет.", "3": "Выдаются работодателем на основании решения уполномоченных по охране труда и профсоюзного комитета.", "amount": "3", "2": "Выдаются работодателем на основании результатов аттестации рабочих мест по условиям труда, а также с учетом условий и особенностей выполняемых работ.", "theme": "Межотраслевые правила обеспечения работников специальной одеждой, специальной обувью и другими средствами индивидуальной защиты. " }