{ "teory": "", "text": "Что обязан сделать работодатель, если специальная одежда и специальная обувь пришла в негодность до окончания сроков носки по причинам, не зависящим от работника? ", "correct": "4", "1": "Заменить.", "3": "Заменить на бывшую в употреблении.", "amount": "4", "4": "Обеспечить замену или ремонт.", "2": "Отремонтировать.", "theme": "Межотраслевые правила обеспечения работников специальной одеждой, специальной обувью и другими средствами индивидуальной защиты. " }