{ "teory": "", "text": "Что обязан работодатель в случае пропажи или порчи средств индивидуальной защиты в установленных местах их хранения по не зависящим от работников причинам? ", "correct": "2", "1": "Удержать стоимость средств индивидуальной защиты.", "3": "Удержать стоимость и выдать другие исправные средства индивидуальной защиты.", "amount": "3", "2": "Выдать им другие исправные средства индивидуальной защиты.", "theme": "Межотраслевые правила обеспечения работников специальной одеждой, специальной обувью и другими средствами индивидуальной защиты. " }