{ "teory": "", "text": "Выдаются ли  средства индивидуальной защиты ученикам, студентам, работникам, временно выполняющим работу по профессиям и должностям, предусмотренным Типовыми отраслевыми нормами, на время выполнения этой работы? ", "correct": "3", "1": "Не выдаются.", "3": "Выдаются в общем порядке.", "amount": "3", "2": "Выдаются дежурные средства индивидуальной защиты.", "theme": "Межотраслевые правила обеспечения работников специальной одеждой, специальной обувью и другими средствами индивидуальной защиты. " }