{ "teory": "", "text": "Что необходимо сделать, при невозможности самостоятельно устранить выявленные несоответсвия, при осуществлении АПК I-уровня?", "correct": "2", "1": "Уведомить главного инженера", "3": "Внести выявленное несоответствие в журнал АПК II-уровня", "amount": "3", "2": "Уведомить непосредственного руководителя (начальника службы, цеха, участка) и внести запись в соответствующую оперативно-технологическую документацию", "theme": "АПК I-уровня" }