{ "teory": "", "text": "Какие виды обучения обязаны проводить работодатель или уполномоченное им лицо для всех поступающих на работу лиц, а также для работников, переводимых на другую работу?", "correct": "4", "1": "Инструктаж по охране труда.", "5": "Перечисленные в ответах 1 и 2.", "3": "Организовывать обучение приемам оказания первой помощи пострадавшим.", "amount": "5", "4": "Перечисленные выше.", "2": "Организовывать обучение безопасным методам и приемам выполнения работ.", "theme": "Трудовой кодекс РФ от 30.12. 2001 № 197-ФЗ. " }