{ "teory": "", "text": "Что необходимо сделать, для уменьшения боли при небольших ушибах?", "correct": "2", "1": "Наложить согревающий компресс", "3": "Наложить стерильную повязку", "amount": "4", "4": "Провести транспортную иммобилизацию", "2": "Наложить давящую повязку на место ушиба и создать покой, а также применить холодный компресс", "theme": "Медицинская часть" }