{ "teory": "", "text": "В течение какого срока сохраняется средний заработок при переводе работника, нуждающегося в соответствии с медицинским заключением в предоставлении другой работы, на другую нижеоплачиваемую работу у данного работодателя?", "correct": "2", "1": "Предельный срок сохранения зарплаты устанавливается с учетом мнения выборной профсоюзной организации.", "3": "До установления стойкой утраты профессиональной трудоспособности либо до выздоровления работника.", "amount": "4", "4": "В течение двух недель со дня перевода.", "2": "В течение одного месяца со дня перевода.", "theme": "Трудовой кодекс РФ от 30.12. 2001 № 197-ФЗ. " }