{ "teory": "", "text": "Выдаются ли те же средства индивидуальной защиты, что и рабочим соответствующих профессий бригадирам, мастерам, выполняющим обязанности бригадиров, помощникам и подручным рабочих, профессии которых предусмотрены в отраслевых нормах? ", "correct": "1", "1": "Да.", "3": "По решению уполномоченных по охране труда и профсоюзного комитета.", "amount": "4", "4": "На основании аттестации рабочих мест по условиям труда.", "2": "Нет.", "theme": "Межотраслевые правила обеспечения работников специальной одеждой, специальной обувью и другими средствами индивидуальной защиты. " }