{ "teory": "", "text": "Включается ли  время хранения теплой  специальной одежды и обуви в теплое время года в срок носки средств индивидуальной защиты? ", "correct": "2", "1": "Нет.", "amount": "2", "2": "Да.", "theme": "Межотраслевые правила обеспечения работников специальной одеждой, специальной обувью и другими средствами индивидуальной защиты. " }