{ "teory": "", "text": "Разрешается ли  работникам по окончании работы выносить средства индивидуальной защиты за пределы организации? ", "correct": "4", "1": "Разрешается.", "3": "В отдельных случаях, когда по условиям работы общий порядок не может быть соблюден (например, на лесозаготовках, на геологических работах и т.п.), СИЗ могут оставаться в нерабочее время у работников.", "amount": "4", "4": "Указанное в ответах 2 и 3.", "2": "Не разрешается.", "theme": "Межотраслевые правила обеспечения работников специальной одеждой, специальной обувью и другими средствами индивидуальной защиты. " }