{ "teory": "", "text": "На кого возлагается обязанность по организовации надлежащего учета и контроля за выдачей работникам СИЗ в установленные сроки. ", "correct": "3", "1": "На профсоюзный комитет предприятия.", "5": "На лиц, перечисленных выше.", "3": "На работодателя.", "amount": "5", "4": "На начальника цеха.", "2": "На службу охраны труда.", "theme": "Межотраслевые правила обеспечения работников специальной одеждой, специальной обувью и другими средствами индивидуальной защиты. " }