{ "teory": "", "text": "Как подразделяются смывающие и (или) обезвреживающие средства? ", "correct": "1", "1": "На защитные средства, очищающие средства и средства восстанавливающего, регенерирующего действия.", "3": " Для рук и для тела.", "amount": "4", "4": "На твердые и жидкие.", "2": "На смывающие и обезвреживающие средства.", "theme": "Нормы бесплатной выдачи работникам смывающих и (или) обезвреживающих средств и стандарта безопасности труда. (Приказ Министерства здравоохранения и социального развития РФ от 17 декабря 2010 г. N 1122н)" }