{ "teory": "", "text": "Могут ли смывающие и (или) обезвреживающие средства, оставшиеся неиспользованными по истечении отчетного периода (один месяц), быть использованы в следующем месяце? ", "correct": "1", "1": "Могут при соблюдении их срока годности.", "3": "Могут жидкие моющие средства при соблюдении их срока годности.", "amount": "3", "2": "Не могут.", "theme": "Нормы бесплатной выдачи работникам смывающих и (или) обезвреживающих средств и стандарта безопасности труда. (Приказ Министерства здравоохранения и социального развития РФ от 17 декабря 2010 г. N 1122н)" }