{ "teory": "", "text": "Допускается ли приобретение смывающих и (или) обезвреживающих средств, не имеющих декларации о соответствии и (или) сертификата соответствия либо имеющих декларацию о соответствии и (или) сертификат соответствия, срок действия которых истек? ", "correct": "1", "1": "Не допускается.", "3": "Допускается при соблюдении их срока годности.", "amount": "3", "2": "Допускается.", "theme": "Нормы бесплатной выдачи работникам смывающих и (или) обезвреживающих средств и стандарта безопасности труда. (Приказ Министерства здравоохранения и социального развития РФ от 17 декабря 2010 г. N 1122н)" }