{ "teory": "", "text": "В каком документе указываются нормы выдачи смывающих и (или) обезвреживающих средств, соответствующие условиям труда на рабочем месте работника? ", "correct": "1", "1": "В трудовом договоре работника.", "3": "В правилах внутреннего трудового распорядка.", "amount": "4", "4": "В должностной инструкции работника.", "2": "В инструкции по охране труда по профессии.", "theme": "Нормы бесплатной выдачи работникам смывающих и (или) обезвреживающих средств и стандарта безопасности труда. (Приказ Министерства здравоохранения и социального развития РФ от 17 декабря 2010 г. N 1122н)" }