{ "teory": "", "text": "Обязан ли работник применять по назначению и в соответствии со Стандартом смывающие и (или) обезвреживающие средства, выданные ему в установленном порядке? ", "correct": "1", "1": "Обязан.", "3": "Не обязан, требования Стандарта носят рекомендательный характер.", "amount": "3", "2": "Не обязан.", "theme": "Нормы бесплатной выдачи работникам смывающих и (или) обезвреживающих средств и стандарта безопасности труда. (Приказ Министерства здравоохранения и социального развития РФ от 17 декабря 2010 г. N 1122н)" }