{ "teory": "", "text": "На основании каких документов формируется Перечень рабочих мест и список работников, для которых необходима выдача смывающих и (или) обезвреживающих средств? ", "correct": "1", "1": "Типовых норм и в соответствии с результатами аттестации рабочих мест по условиям труда с учетом особенностей существующего технологического процесса и организации труда, применяемых сырья и материалов", "3": "На основании Трудового Кодекса.", "amount": "3", "2": "Результатов аттестации рабочих мест по условиям труда, проводимой в соответствии с Порядком проведения аттестации рабочих мест по условиям труда.", "theme": "Нормы бесплатной выдачи работникам смывающих и (или) обезвреживающих средств и стандарта безопасности труда. (Приказ Министерства здравоохранения и социального развития РФ от 17 декабря 2010 г. N 1122н)" }