{ "teory": "", "text": "Первая помощь при вывихе.", "correct": "4", "1": "Необходимо обеспечить покой поврежденному суставу путем его обездвижевания", "3": "Доставить пострадавшего в ближайшее лечебеное учреждение", "amount": "4", "4": "Все вышеперечисленное", "2": "Необходимо приложить к суставу холод", "theme": "Медицинская часть" }