{ "teory": "", "text": "Какова нормальная продолжительность рабочего времени?", "correct": "3", "1": "Продолжительность рабочего времени устанавливается работодателем и не может превышать 60 часов в неделю.", "3": "40 часов в неделю.", "amount": "4", "4": "Продолжительность рабочего времени устанавливается работодателем с учетом мнения выборной профсоюзной организации и не может превышать 30 часов в неделю.", "2": "48 часов в неделю.", "theme": "Трудовой кодекс РФ от 30.12. 2001 № 197-ФЗ. " }