{ "teory": "", "text": "Каким работникам выдаются средства для защиты кожи при негативном влиянии окружающей среды (кремы, гели, эмульсии и другие)? ", "correct": "2", "1": "При работе с агрессивными водорастворимыми, водонерастворимыми рабочими материалами, их попеременном воздействии.", "3": "Занятым на производствах с повышенными требованиями к стерильности рук работающих, при работе с бактериально опасными средами, а также при нахождении рабочего места удаленно от стационарных санитарно-бытовых узлов.", "amount": "4", "4": "При работе в районах, где сезонно наблюдается массовый лет кровососущих и жалящих насекомых (комары, мошка, слепни, оводы и другие), а также распространение и активность кровососущих паукообразных (иксодовые клещи и другие), с учетом сезонной специфики региона.", "2": "Занятым на наружных и других работах, связанных с воздействием ультрафиолетового излучения диапазонов A, B, C, повышенных и пониженных температур, ветра и других.", "theme": "Нормы бесплатной выдачи работникам смывающих и (или) обезвреживающих средств и стандарта безопасности труда. (Приказ Министерства здравоохранения и социального развития РФ от 17 декабря 2010 г. N 1122н)" }