{ "teory": "", "text": "Какие средства выдаются работникам на работах, связанных с легкосмываемыми загрязнениями, для использования в душевых или в помещениях для умывания работников? ", "correct": "1", "1": "Очищающие средства в виде твердого туалетного мыла или жидких моющих средств (гель для рук, гель для тела и волос, жидкое туалетное мыло и другие).", "3": "Очищающие кремы, гели и пасты.", "amount": "4", "4": "Органические растворители, абразивные вещества (песок, чистящие порошки и т.п.), каустическая сода и другие.", "2": "Слабощелочные сорта мыла (туалетное).", "theme": "Нормы бесплатной выдачи работникам смывающих и (или) обезвреживающих средств и стандарта безопасности труда. (Приказ Министерства здравоохранения и социального развития РФ от 17 декабря 2010 г. N 1122н)" }