{ "teory": "", "text": "На каких работах в дополнение к твердому туалетному мылу или жидким моющим средствам работникам выдаются очищающие кремы, гели и пасты. ", "correct": "1", "1": "Связанных с трудносмываемыми, устойчивыми загрязнениями (масла, смазки, сажа, нефтепродукты, лаки, краски, в том числе полиграфические, смолы, клеи, битум, силикон, графит, различные виды производственной пыли, в том числе угольная, металлическая и т.п.).", "5": "При работе в районах, где сезонно наблюдается массовый лет кровососущих и жалящих насекомых (комары, мошка, слепни, оводы и другие), а также распространение и активность кровососущих паукообразных (иксодовые клещи и другие), с учетом сезонной специфики региона.", "3": "При негативном влиянии окружающей среды на наружных и других работах, связанных с воздействием ультрафиолетового излучения диапазонов A, B, C, повышенных и пониженных температур, ветра и других.", "amount": "5", "4": "При работах на производствах с повышенными требованиями к стерильности рук работающих, при работе с бактериально опасными средами, а также при нахождении рабочего места удаленно от стационарных санитарно-бытовых узлов.", "2": "С агрессивными водорастворимыми, водонерастворимыми и комбинированными веществами и негативном влиянии окружающей среды (наружные и другие работы, связанные с воздействием ультрафиолетового излучения диапазонов A, B, C, воздействием повышенных или пониженных температур, ветра).", "theme": "Нормы бесплатной выдачи работникам смывающих и (или) обезвреживающих средств и стандарта безопасности труда. (Приказ Министерства здравоохранения и социального развития РФ от 17 декабря 2010 г. N 1122н)" }