{ "teory": "", "text": "В каких случаях работникам выдаются регенерирующие (восстанавливающие) средства (кремы, эмульсии и другие) согласно Типовым нормам?", "correct": "1", "1": "При работе с агрессивными водорастворимыми, водонерастворимыми и комбинированными веществами и негативном влиянии окружающей среды (наружные и другие работы, связанные с воздействием ультрафиолетового излучения диапазонов A, B, C, воздействием повышенных или пониженных температур, ветра).", "amount": "2", "2": "На работах, связанных с трудносмываемыми, устойчивыми загрязнениями (масла, смазки, сажа, нефтепродукты, лаки, краски, в том числе полиграфические, смолы, клеи, битум, силикон, графит, различные виды производственной пыли, в том числе угольная, металлическая и т.п.).", "theme": "Нормы бесплатной выдачи работникам смывающих и (или) обезвреживающих средств и стандарта безопасности труда. (Приказ Министерства здравоохранения и социального развития РФ от 17 декабря 2010 г. N 1122н)" }