{ "teory": "", "text": "Может ли выдача работникам жидких смывающих и (или) обезвреживающих средств, осуществляться посредством применения дозирующих систем? ", "correct": "1", "1": "Может если средства расфасованны в упаковки емкостью более 250 мл и дозирующие системы размещаются в санитарно-бытовых помещениях.", "amount": "2", "2": "Не может.", "theme": "Нормы бесплатной выдачи работникам смывающих и (или) обезвреживающих средств и стандарта безопасности труда. (Приказ Министерства здравоохранения и социального развития РФ от 17 декабря 2010 г. N 1122н)" }