{ "teory": "", "text": "Как исчисляются сроки использования смывающих и (или) обезвреживающих средств?", "correct": "1", "1": "Со дня фактической выдачи их работникам и не должны превышать сроков годности, указанных производителем.", "amount": "2", "2": "Со дня фактической выдачи их работникам и до расходования указанных средств.", "theme": "Нормы бесплатной выдачи работникам смывающих и (или) обезвреживающих средств и стандарта безопасности труда. (Приказ Министерства здравоохранения и социального развития РФ от 17 декабря 2010 г. N 1122н)" }