{ "teory": "", "text": "Где должна фиксироваться выдача работникам смывающих и (или) обезвреживающих средств? ", "correct": "1", "1": "Под роспись в личной карточке учета выдачи смывающих и (или) обезвреживающих средств.", "3": "Под роспись в накладной.", "amount": "4", "4": "Нигде не учитывается.", "2": "Под роспись в ведомости учета.", "theme": "Нормы бесплатной выдачи работникам смывающих и (или) обезвреживающих средств и стандарта безопасности труда. (Приказ Министерства здравоохранения и социального развития РФ от 17 декабря 2010 г. N 1122н)" }