{ "teory": "", "text": "С чего следует начать оказание первой помощи на месте происшествия  в случае падение с высоты?", "correct": "1", "1": "С восстановления сердечной деятельности и дыхания, затем решать вопрос о временной остановке кровотечения.", "amount": "2", "2": "С остановки кровотечения, затем решать вопрос о восстановлении сердечной деятельности и дыхания.", "theme": "Медецинская часть " }