{ "teory": "", "text": "Что необходимо предпринять если у пострадавшего нет сознания и нет пульса на сонной артерии?", "correct": "4", "1": "Убедиться в отсутствии пульса на сонной артерии, освободить грудную клетку от одежды и расстегнуть поясной ремень.", "3": "Начать прямой массаж сердца, сделать\"вдох\" искусственного дыхания.", "amount": "4", "4": "Все указанные выше действия", "2": "Прикрыть двумя пальцами мечевидный отросток, нанести удар кулаком по грудине.", "theme": "Медецинская часть " }