{ "teory": "", "text": "В каком положении пострадавший должен ожидать прибытия врачей если у него нет сознания, но есть пульс на сонной артерии?", "correct": "1", "1": "В положении \"лежа на животе\".", "3": "В положении \"лежа на правом боку\"", "amount": "3", "2": "В положении \"лежа на спине\"", "theme": "Медецинская часть " }