{ "teory": "", "text": "Что можно использовать для того, чтобы приложить холод к голове пострадавшего?", "correct": "5", "1": "Пузырь со льдом.", "5": "Предметы, указанные в ответах 1, 2, 3.", "3": "Гипотермический пакет.", "amount": "5", "4": "Предметы, указанные в ответах 1 и 3.", "2": "Бутылки и пакеты с холодной водой или снегом.", "theme": "Медецинская часть " }