{ "teory": "", "text": "Допускается ли привлечение работодателем работника к сверхурочной работе по устранению обстоятельств, нарушающих нормальное функционирование систем водоснабжения, газоснабжения, отопления, освещения, канализации, транспорта, связи?", "correct": "2", "1": "Допускается с письменного согласия работника.", "3": "Допускается с письменного согласия работника и с учетом мнения выборного органа первичной профсоюзной организации.", "amount": "4", "4": "Не допускается.", "2": "Допускается без согласия работника.", "theme": "Трудовой кодекс РФ от 30.12. 2001 № 197-ФЗ. " }