{ "teory": "", "text": "При нарушении целостности кожи пострадавшего из-за ушиба, что необходимо предпринять?", "correct": "2", "1": "Наложить давящую повязку", "3": "Наложить согревающий компресс", "amount": "4", "4": "Приложить холодный компресс ", "2": "Наложить стерильную повязку", "theme": "Медицинская часть" }