{ "teory": "", "text": "В каком положении должен быть пострадавший с проникающим ранением живота во время ожидания помощи и транспортировки?", "correct": "1", "1": "В положении \"лежа на спине\" с приподнятыми и согнутыми в коленях ногами.", "amount": "2", "2": "В положении \"лежа на боку\" с согнутыми в коленях ногами.", "theme": "Медецинская часть " }