{ "teory": "", "text": "Что недопустимо делать при обработке на месте происшествия термического ожога без нарушения целостности ожоговых пузырей?", "correct": "3", "1": "Поставить место ожога под струю холодной воды на 10-15 минут.", "3": "Смазать обожженную поверхность маслом, медицинским вазелином или жирным кремом.", "amount": "3", "2": "Приложить холод на 20-30 минут", "theme": "Медецинская часть " }