{ "teory": "", "text": "Что недопустимо делать при обработке на месте происшествия термического ожога с нарушением целостности ожоговых пузырей?", "correct": "1", "1": "Поставить под струю холодной воды на 10-15 минут.", "3": "Поверх сухой ткани приложить холод.", "amount": "3", "2": "Накрыть сухой чистой тканью.", "theme": "Медецинская часть " }