{ "teory": "", "text": "Что необходимо сделать при обработке на месте происшествия ожогов глаз или век в случаях попадания едких химических веществ?", "correct": "2", "1": "Применить нейтрализующую жидкость (при попадании в глаза кислоты - раствор соды, при попадании щелочи - раствор борной кислоты).", "3": "Необходимо выполнить действия, указанные в ответах 1 и 2.", "amount": "3", "2": "Промыть глаз под струей холодной воды.", "theme": "Медецинская часть " }