{ "teory": "", "text": "Что недопустимо делать при обморожении?", "correct": "2", "1": "Как можно скорее доставить пострадавшего в теплое помещение.", "3": "Дать обильное теплое питье и 1-2 таблетки анальгина.", "amount": "4", "4": "Предложить малые дозы алкоголя.", "2": "Поместить обмороженные конечности в теплую воду.", "theme": "Медецинская часть " }