{ "teory": "", "text": "Что недопустимо делать при переохлаждении?", "correct": "4", "1": "Предложить теплое сладкое питье или пищу с большим содержанием сахара.", "3": "Дать 50 мл алкоголя.", "amount": "4", "4": "Поместить в ванну с температурой воды не выше 30 °с.", "2": "Доставить в течение 1 часа в теплое помещение.", "theme": "Медецинская часть " }