{ "teory": "", "text": "Как оплачивается работа в выходной или нерабочий праздничный день работникам, труд которых оплачивается по дневным и часовым тарифным ставкам?", "correct": "1", "1": "В размере не менее двойной дневной или часовой тарифной ставки.", "3": "В размере не менее двойной дневной или часовой тарифной ставки, если работа производилась сверх месячной нормы рабочего времени. ", "amount": "4", "4": "В размере, указанном в ответах 2 и 3.", "2": "В размере не менее одинарной дневной или часовой тарифной ставки, если работа в выходной или нерабочий праздничный день производилась в пределах месячной нормы рабочего времени.", "theme": "Трудовой кодекс РФ от 30.12. 2001 № 197-ФЗ. " }