{ "teory": "", "text": "Что такое ожог?", "correct": "4", "1": "Повреждение тканей, возникающее в результате падения", "3": "Повреждение тканей, возникающее под действием низкой температуры, электрического тока, кислот, щелочей или ионизирующего излучения", "amount": "4", "4": "Повреждение тканей, возникающее под действием высокой температуры, электрического тока, кислот, щелочей или ионизирующего излучения", "2": "Повреждение тканей, возникающее в результате удара тупым предметом ", "theme": "Медицинская часть" }