{ "teory": "", "text": "Допускается ли в случаях артериального кровотечения прижать артерию  пальцами или кулаком?", "correct": "2", "1": "Прижимать артерию  пальцами или кулаком не допускается. Необходимо для этого применять специальный кровоостанавливающий жгут.", "amount": "2", "2": "Прижимать артерию  пальцами или кулаком необходимо до наложения кровоостанавливающего жгута.", "theme": "Медецинская часть " }