{ "teory": "", "text": "Нужно ли перед остановкой артериального кровотечения освободить поврежденную конечность от одежды?", "correct": "2", "1": "Необходимо перед наложением жгута  освободить конечность от одежды для возможности контроля отека конечности при неправильном наложении жгута.", "amount": "2", "2": "Нельзя терять время на освобождение конечностей от одежды.", "theme": "Медецинская часть " }