{ "teory": "", "text": "Что следует предпринять в случаях посинения и отека конечности (при неправильном наложении кровоостанавливающего жгута)?", "correct": "1", "1": "Следует немедленно заново наложить жгут.", "amount": "2", "2": "Следует немедленно снять жгут и через 15-20 минут заново наложить его.", "theme": "Медецинская часть " }