{ "teory": "", "text": "Чего не следует делать при оказании первой помощи если у пострадавшего нет сознания и нет пульса на сонной артерии?", "correct": "2", "1": "Убедиться в отсутствии пульсана сонной артерии.", "5": "Начать прямой массаж сердца.", "3": "Освободить грудную клетку от одежды и расстегнуть поясной ремень.", "amount": "5", "4": "Нанести удар кулаком по грудине.", "2": "Определить наличие или отсутствие признаков дыхания.", "theme": "Медецинская часть " }