{ "teory": "", "text": "Что недопустимо делать в случаях длительного сдавливания конечностей?", "correct": "4", "1": "Дать 2-3 таблетки анальгина,предложить обильное теплое питье.", "3": "Обложить придавленные конечности пакетами со льдом, снегом или холодной водой.", "amount": "4", "4": "Согреть придавленные конечности.", "2": "Сразу же после освобождения туго забинтовать поврежденные конечности.", "theme": "Медецинская часть " }