{ "teory": "", "text": "Что недопустимо делать в случаях обморока? ", "correct": "3", "1": "Убедиться в наличии пульса на сонной артерии.", "5": "Надавить на болевую точку.", "3": "Прикложить грелку к животу или пояснице при болях в животе или повторных обмороках.", "amount": "5", "4": "Приподнять ноги.", "2": "Освободить грудную клетку от одежды и расстегнуть поясной ремень.", "theme": "Медецинская часть " }