{ "teory": "", "text": "Что необходимо сделать в случаях обморока если в течение 3 минут сознание не появилось?", "correct": "3", "1": "Повернуть пострадавшего на живот.", "3": "Повернуть пострадавшего на живот и приложить холод к голове.", "amount": "3", "2": "Приложить холод к голове.", "theme": "Медецинская часть " }