{ "teory": "", "text": "На сколько классов опасности подразделяются вредные вещества по степени воздействия на организм человека? \"Инструкция по организации сбора, хранения, учёта отходов…\" п. 1.5", "correct": "5", "1": "2 класса", "5": "5 классов", "3": "4 класса", "amount": "5", "4": "нет классности", "2": "1 класс", "theme": "Вопросы ОПС" }