{ "teory": "", "text": "Как допускается размещение отходов на предприятии? \"Инструкция по организации сбора, хранения, учёта отходов…\" п. 2.4", "correct": "1", "1": "При наличии лимитов на размещение отходов, выданных территориальными органами Росприроднадзора", "3": "При наличии лимитов на размещение отходов, выданных территориальными органами Газнадзора", "amount": "4", "4": "Перечисленное выше.", "2": "При наличии лимитов на размещение отходов, выданных территориальными органами Ростехнадзора", "theme": "Вопросы ОПС" }