{ "teory": "", "text": "Какой период не включается в стаж работы, дающий право на ежегодный основной оплачиваемый отпуск?", "correct": "4", "1": "Время отсутствия работника на работе без уважительных причин, в том числе вследствие его отстранения от работы в случаях, предусмотренных статьей 76 настоящего Кодекса.", "5": "Указанный в ответе 4, а также период временной нетрудоспособности.", "3": "Время предоставляемых по просьбе работника отпусков без сохранения заработной платы, если их общая продолжительность превышает 14 календарных дней в течение рабочего года.", "amount": "5", "4": "Указанный выше.", "2": "Время отпусков по уходу за ребенком до достижения им установленного законом возраста.", "theme": "Трудовой кодекс РФ от 30.12. 2001 № 197-ФЗ. " }