{ "teory": "", "text": "Каким способом хранятся отходы II класса опасности? \"Инструкция по организации сбора, хранения, учёта отходов…\" п. 3.7", "correct": "3", "1": "В герметизированной таре (контейнеры, бочки)", "5": "Перечисленное в ответах 1 и 3.", "3": "В закрытой таре (бочки, стеклотара, полиэтиленовые мешки, металлические контейнеры)", "amount": "5", "4": "Перечисленное в ответах 1, 2 и 3.", "2": "В бумажных, полиэтиленовых или хлопчатобумажных тканевых мешках, металлических контейнерах", "theme": "Вопросы ОПС" }