{ "teory": "", "text": "Какой материал используется при обтирке технологического оборудования от нефтепродуктов? \"Инструкция по организации сбора, хранения, учёта отходов…\" п. 7.2", "correct": "3", "1": "Фрагменты рабочей одежды", "3": "Сухая ветошь", "amount": "4", "4": "Указанное в ответах 1, 2 и 3.", "2": "Промасленная ветошь", "theme": "Вопросы ОПС" }