{ "teory": "", "text": "Что является основным источником выбросов вредных веществ на технологическом оборудовании? \"Производственная инструкция по охране окружающей среды\" п. 3.1", "correct": "4", "1": "Продувочные свечи", "5": "Указанные в ответах 1 и 3", "3": "Не плотности в подвижных и неподвижных соединениях фланцев, арматуры и механизмов, появляющихся в процессе эксплуатации", "amount": "5", "4": "Все вышеперечисленные", "2": "Дыхательные клапаны", "theme": "Вопросы ОПС" }