{ "teory": "", "text": "Что должно быть предусмотрено для сбора углеводородного отхода при осушке и очистке газа? \"Производственная инструкция по охране окружающей среды\" п. 3.3", "correct": "1", "1": "Дренажная ёмкость", "3": "Накопительная ёмкость", "amount": "4", "4": "Перечисленное в ответах 1, 2 и 3.", "2": "Автоцистерна", "theme": "Вопросы ОПС" }