{ "teory": "", "text": "Оплата труда каких работников производится в повышенном размере?", "correct": "5", "1": "Занятых на тяжелых работах, работах с вредными, опасными и иными особыми условиями труда.", "5": "Указанных в ответах 1 и 2.", "3": "При выполнении работ различной квалификации и при совмещении профессий (должностей), расширении зон обслуживания, увеличении объема работы.", "amount": "5", "4": "Указанныз выше.", "2": "Занятых на работах в местностях с особыми климатическими условиями.", "theme": "Трудовой кодекс РФ от 30.12. 2001 № 197-ФЗ. " }