{ "teory": "", "text": "Какое напряжение должны иметь электрические светильники при работах в особо неблагоприятных условиях (колодцах, барабанах котлов, металлических резервуарах и т.д.? ИВР-324-17 п. 1.7.8", "correct": "4", "1": "Не выше 50 В", "5": "Не выше 110 В", "3": "Не выше 220 В", "amount": "5", "4": "Не выше 12 В", "2": "Не выше 24 В", "theme": "Вопросы ОПС" }