{ "teory": "", "text": "Каков срок проведения периодической проверки (испытания) электроинструмента? ИВР-324-17 п. 2.3", "correct": "3", "1": "Не реже одного раза в три месяца", "5": "Не реже одного раза в три года", "3": "Не реже одного раза в шесть месяцев.", "amount": "5", "4": "Не реже одного раза в год", "2": "Не реже одного раза в месяц.", "theme": "Вопросы ОПС" }