{ "teory": "", "text": "Каковы основные причины, вследствие которых могут возникнуть аварийные ситуации при работе с электроинструментом? ИВР-324-17 п. 4.1", "correct": "3", "1": "Неисправность оборудования", "3": "Указанное в ответах 1 и 2", "amount": "3", "2": "Невыполнение работниками требований безопасности, противопожарных требований", "theme": "Вопросы ОПС" }