{ "teory": "", "text": "Какие опасные и вредные производственные факторы возникают при работе с электроинструментом? ИВР-324-17 п. 1.4", "correct": "1", "1": "Повышенное напряжение сети, движущиеся части электроинструмента, повышенный уровень шума, повышенный уровень вибрации", "5": "Указанное в ответах 1, 2 и 3.", "3": "Повышенное напряжение сети, движущиеся части электроинструмента, повышенный уровень шума, повышенный уровень вибрации, высокое давление в трубопроводах", "amount": "5", "4": "Повышенный уровень вибрации", "2": "Движущиеся части электроинструмента", "theme": "Вопросы ОПС" }