{ "teory": "", "text": "Для чего предназначен клапан-отсекатель? ИП-417-18 п. 1.1.1 ", "correct": "3", "1": "Для стравливания газа на аварийную линию", "5": "Указанное в ответах 1, 2 и 3.", "3": "Для автоматического перекрытия трубопровода природного газа при аварийном повышении или понижении давления в нем", "amount": "5", "4": "Указанное в ответах 1 и 2", "2": "Для стравливания газа на факельную линию линию", "theme": "Вопросы ОПС" }