{ "teory": "", "text": "В каком размере несут работники материальную ответственность за ущерб, причиненный работодателю?", "correct": "2", "1": "В размере прямого действительного ущерба.", "5": "В размере прямого действительного ущерба и неполученного дохода (упущенной выгоды), но не более среднего месячного заработка.", "3": "В размере неполученного дохода (упущенной выгоды).", "amount": "5", "4": "В размере прямого действительного ущерба и неполученного дохода (упущенной выгоды).", "2": "В размере прямого действительного ущерба, но не более среднего месячного заработка, если иное не предусмотрено Трудовым Кодексом или иными федеральными законами.", "theme": "Трудовой кодекс РФ от 30.12. 2001 № 197-ФЗ. " }