{ "teory": "", "text": "С какой периодичностью проводится срабатывание отсекателя для проверки соответствия давления срабатывания величине, установленной на шкалах? ИП-417-18 п. 3.5", "correct": "2", "1": "Не реже одного раза в шесть месяцев.", "5": "Не реже одного раза в месяц.", "3": "Не реже одного раза в три месяца", "amount": "5", "4": "Не реже одного раза в два года", "2": "Не реже одного раза в год", "theme": "Вопросы ОПС" }