{ "teory": "", "text": "На какое подразделяется техническое обслуживание? ИП-433-16 п. 1.3", "correct": "3", "1": "На текущее техническое обслуживание", "3": "На текущее техническое обслуживание, на регламентированное техническое обслуживание", "amount": "4", "4": "На периодическое техническое обслуживание", "2": "На регламентированное техническое обслуживание", "theme": "Вопросы ОПС" }