{ "teory": "", "text": "Что включает в себя текущее техническое обслуживание? ИП-433-16 п. 1.4", "correct": "5", "1": "Контроль технического состояния путём внешнего осмотра", "5": "Указанное в ответах 1, 2 и 3.", "3": "Очистка оборудования (при необходимости)", "amount": "5", "4": "Указанное в ответах 1 и 2", "2": "Надзор за эксплуатацией оборудования в соответствии технологическим процессом", "theme": "Вопросы ОПС" }