{ "teory": "", "text": "С какой периодичностью проводится техническое обслуживание задвижек клиновых? ИП-433-16 п. 2.1", "correct": "3", "1": "Не реже одного раза в три месяца", "3": "Не реже одного раза в год", "amount": "4", "4": "Не реже одного раза в месяц.", "2": "Не реже одного раза в шесть месяцев.", "theme": "Вопросы ОПС" }