{ "teory": "", "text": "Какие дополнительные средства индивидуальной защиты необходимо иметь при работе с ДЭГом? (ИВР-313-15;п-1.7)", "correct": "2", "1": "Резиновые сапоги,резиновые перчатки.", "5": "Перечисленных в ответах 2 и 3 совместно.", "3": "Резиновые перчатки,наушники,прорезиненный фартук или плащ,защитные очки.", "amount": "5", "4": "Перечисленные выше", "2": "Резиновые сапоги, резиновые перчатки,прорезиненный фартук или плащ,защитные очки.", "theme": "Вопросы ОПС" }