{ "teory": "", "text": " Какие вредные и опасные производственные факторы при работе с диэтиленгликолем?(ИВР-313-15;п-1.3)", "correct": "2", "1": "Взрыво и пожароопасность гликолей, химечески опасные и вредные производственные факторы.", "5": "Перечисленные в ответах 3 и 4.", "3": "Высокая токсичность гликолей при попадании в рот,высокая температура растворов гликолей используемых в качестве теплоносителя и регенерированного гликоля используемого для осушки газа,химически опасные и вредные производственные факторы", "amount": "5", "4": "Высокая токсичность гликолей при попадании в рот,высокая температура растворов гликолей используемых в качестве теплоносителя и регенерированного гликоля используемого для осушки газа,химически опасные и вредные производственные факторы,радиоактивность гликолей.", "2": "Высокая токсичность гликолей при попадании в рот,взрыво и пожароопасность гликолей,высокая температура растворов гликолей используемых в качестве теплоносителя и регенерированного гликоля используемого для осушки газа,химически опасные и вредные производственные факторы.", "theme": "Вопросы ОПС" }