{ "teory": "", "text": "Что необходимо соблюдать для обеспечения пожаро-взрывобезопасности в местах применения гликолей? (ИВР-313-15;п-1.8)", "correct": "4", "1": "Для обеспечения пожаро-взрывобезопасности в местах применения гликолей не допускать их пропусков и разливов в помещении насосной, электропроводка и электродвигатели должны быть выполнены в электробезопасном исполнении, обеспечена вентиляция. ", "5": "Перечисленные в ответах 2 и 3.", "3": "Соблюдать Правилама внутреннего трудового распорядка. Работники должны быть ознакомлены с производственными объектами и их расположением на территории организации.", "amount": "5", "4": "Перечисленные в ответах 1 и 2 совместно.", "2": "Необходимо соблюдать правила пожарной безопасности, не загромождать проходы к пожарным кранам и щитам с противопожарным оборудованием. Не разрешается использовать противопожарный инвентарь не по назначению.", "theme": "Вопросы ОПС" }