{ "teory": "", "text": "Кто допускается к обслуживанию сосудов работающих под давлению (ИВР-317-15. п-1.1)", "correct": "5", "1": "К обслуживанию сосудов работающих под давлением допускаются рабочие основных профессий прошедшие мед.освидетельствие, обученные по соответствующей программе.", "5": "Перечисленные в ответах 1 и 2 совместно.", "3": "К обслуживанию сосудов работающих под давлением допускаются любые работники предприятия старше 18лет, прошедшие мед.освидетельствие, обученные по соответствующей программе.", "amount": "5", "4": "Перечисленные выше.", "2": "Атестованные и имеющие удостоверение на право обслуживания сосудов,допущенные приказом по предприятию и освоившие требования инструкции ИВР-317-15", "theme": "Вопросы ОПС" }