{ "teory": "", "text": "В каком порядке и в какой срок производится взыскание с виновного работника суммы причиненного ущерба, не превышающей среднего месячного заработка? ", "correct": "1", "1": "По распоряжению работодателя, которое может быть сделано не позднее одного месяца со дня окончательного установления работодателем размера причиненного работником ущерба.", "3": "По распоряжению работодателя, которое может быть сделано без ограничения срока.", "amount": "3", "2": "По распоряжению работодателя, которое может быть сделано не позднее трех месяцев со дня окончательного установления работодателем размера причиненного работником ущерба.", "theme": "Трудовой кодекс РФ от 30.12. 2001 № 197-ФЗ. " }