{ "teory": "", "text": "Первая медицинская помощь при тепловом и солнечном ударах?", "correct": "4", "1": "Пострадавшего необходимо вывести или вынести из жаркого помещения или удалить с солнцепека в тень, прохладное помещение, обеспечив приток свежего воздуха", "3": "Если пострадавший в сознании, нужно дать ему выпить 15-20 капель настойки валерианы на одну треть стакана воды", "amount": "4", "4": "Все вышеперечисленное", "2": "Пострадавшего следует уложить так, чтобы голова была выше туловища, расстегнуть одежду, стесняющую дыхание, положить на голову лед или делать холодные примочки, смочить грудь холодной водой, давать нюхать нашатырный спирт", "theme": "Медицинская часть" }