{ "teory": "", "text": "Какие опасные и вредные производственные факторы при обслуживании сосудов работающих под давлением? (ИВР 317-15. п-1.10)", "correct": "4", "1": "Повышенная загазованность воздуха рабочей среды,недостаточная освещённость рабочей зоны,высокое давление рабочей среды в сосудах,опасность поражения электрическим током,повышенная и пониженная температура воздуха окружающей среды.", "5": "Перечисленные выше.", "3": "Повышенная загазованность воздуха рабочей среды,недостаточная освещённость рабочей зоны,высокое давление рабочей среды в сосудах, пониженная температура воздуха окружающей среды.", "amount": "5", "4": "Повышенная загазованность воздуха рабочей среды,недостаточная освещённость рабочей зоны,высокое давление рабочей среды в сосудах,повышенная и пониженная температура воздуха окружающей среды.", "2": "Повышенная загазованностьвоздуха рабочей среды,недостаточная освещённость рабочей зоны, взрыво-пожароопасность гликолей,повышенная и пониженная температура воздуха окружающей среды.", "theme": "Вопросы ОПС" }