{ "teory": "", "text": "Какая переодичность проверки знаний у персонала обслуживающего сосуды работающего под давлением? (ИВР 317-15. п-1.19)", "correct": "3", "1": "Один раз в год", "5": "Не регламентируется.", "3": "Не реже одного раза в 12 месяцев", "amount": "5", "4": "Не реже одного раза в 6 месяцев", "2": "Один раз в пол года", "theme": "Вопросы ОПС" }