{ "teory": "", "text": "Чем в зависимости от назначения, должны быть оснащены сосуды для управлении работой и обеспечения безопасных условий эксплуатации? (ИВР-317-15. п-3.3)", "correct": "4", "1": "Запорной и запорно-регулирующей арматурой,приборами для измерения температуры,предохранительными устройствами(если это необходимо),указателями уровня жидкости.", "5": "Всё перечисленное", "3": "Запорной и запорно-регулирующей арматурой,сужающими устройствами,приборами для измерения давления,приборами для измерения температуры,предохранительными устройствами(если это необходимо),указателями уровня жидкости.", "amount": "5", "4": "Запорной и запорно-регулирующей арматурой,приборами для измерения давления,приборами для измерения температуры,предохранительными устройствами(если это необходимо),указателями уровня жидкости.", "2": "Запорной и запорно-регулирующей арматурой,приборами для измерения давления,приборами для измерения температуры,предохранительными устройствами(если это необходимо),указателями уровня жидкости,регулятором расхода газа.", "theme": "Вопросы ОПС" }