{ "teory": "", "text": "В каких случаях манометр не допускается к применению? (ИВР-317-15. п-3.6)", "correct": "5", "1": "На манометре отсутствует пломба или клеймо с отметкой о проведении поверки,истёк срок поверки,стрелка манометра при его отключении возвращается к нулевой отметке шкалы на величину, превышающую половину допускаемой погрешности для данного манометра.", "5": "Перечисленные в ответах 2 и 3 совместно.", "3": "Разбито стекло или имеются другие повреждения манометра,которые могут отразиться на правильности его показаний.", "amount": "5", "4": "Перечисленные в ответах 1 и 3 совместно.", "2": "На манометре отсутствует пломба или клеймо с отметкой о проведении поверки,истёк срок поверки,стрелка манометра при его отключении не возвращается к нулевой отметке шкалы на величину, превышающую половину допускаемой погрешности для данного манометра.", "theme": "Вопросы ОПС" }