{ "teory": "", "text": "Что необходимо выполнить перед проведением осмотра(визуального и измерительного контроля)внутренней поверхности сосуда,иных работ внутри сосуда и его гидравлического испытания? (ИВР-317-15. п-3.17)", "correct": "4", "1": "Сосуд должен быть остановлен,охлаждён(отогрет),освобождён от заполняющей его рабочей среды с проведением вентилирования(продувки) и нейтрализации,дегазации(при необходимости).", "5": "Всё перечисленное.", "3": "Отключен от источников питания и всех трубопроводов,соединяющих сосуд с источниками давления или другими сосудами и технологическим оборудованием.", "amount": "5", "4": "Перечисленные в ответах 1 и 3 совместно.", "2": "Продуть природным газом до содержания кислорода в газе выходящем из сосуда не превышающем 2%,сделать соответствующую запись в сменном журнале", "theme": "Вопросы ОПС" }