{ "teory": "", "text": "В каких случаях сосуд должен быть немедленно остановлен? (ИВР-317-15. п-4.1)", "correct": "4", "1": "При возникновении пожара,непосредственно угрожающего сосуду,при неисправности предохранительных блокировочных устройств,при неисправности и неполном количестве крепёжных деталей фланцевых соединений.", "5": "Перечисленные в ответах 1 и 3 совместно.", "3": "При неисправности предохранительных устройств от превышения давления,при повышении давления в сосуде выше разрешенного технической характеристикой и невозможности снижения его,несмотря на принятые меры.", "amount": "5", "4": "Перечисленные в ответах 1, 2 и 3 совместно.", "2": "При выходе из строя всех указателей уровня жидкости,при невозможности определить давление в сосуде,при обнаружении в сосуде и его элементах,работающих под давлением трещин,выпучин,значительного утончения стенок,пропусков,потения в сварных швах.", "theme": "Вопросы ОПС" }