{ "teory": "", "text": "Требования охраны труда по окончанию работы при обслуживании сосудов работающих под давлением(ИВР-317-15. п-5)", "correct": "5", "1": "Убрать с рабочего места инструмент и приспособления,сложить инструмент и СИЗ в определённое место. ", "5": "Перечисленные в ответах 1, 2 и 3 совместно.", "3": "Сообщить мастеру или лицу ответственному за безопасную эксплуатацию сосуда о всех неисправностях и недостатках замеченных во время работы и о принятых мерах к их устранению. Снять спецодежду и убрать в отведённое место. Вымыть руки,лицо и принять душ.", "amount": "5", "4": "Перечисленные в ответах  2 и 3 совместно.", "2": "По окончании работы необходимо проверить работу сосуда,приборов безопасности,приборов КИП,состояние площадок и лестниц,ограждение сосуда и прилегающей площадки,принять меры по устранению выявленных недостатков,сделать запись в сменном журнале.", "theme": "Вопросы ОПС" }