{ "teory": "", "text": "Для каких целях в газовой промышленности используется ППУ(паропередвижная установка)? (ИВР-323-15 п-1)", "correct": "5", "1": "Для отогревания замёрзших ,загидраченных трубопроводов,фонтанной арматуры и сосудов", "5": "Всё перечисленное.", "3": "Для временного обогрева технологических установок добычи газа и газового конденсата вместо котельных.", "amount": "5", "4": "Для очистки теплообменных аппаратов от загрязнений.", "2": "Для выпаривания лёгких и тяжелых фракций углеводородов перед проведением огневых и газоопасных работ на сосудах,ёмкостях и трубопроводах.", "theme": "Вопросы ОПС" }