{ "teory": "", "text": "Для чего на Кущёвском УПХГ ООО(Газпром ПХГ) используется метанол? (ИВР 343-15 п-1.2)", "correct": "5", "1": "Как средство предотвращения кристаллогидратных пробок в аппаратах,приборах и газопроводах.", "5": "Перечисленные в ответах  1 и 2 совместно", "3": "Для промывки деталей и магистралей вихревых насосов от спирторастворимых отложений", "amount": "5", "4": "Перечисленные в ответах  1, 2 и 3 совместно", "2": "Для  обработки призабойных зон газовых скважин.", "theme": "Вопросы ОПС" }