{ "teory": "", "text": "Допускается ли расторжение трудового договора по инициативе работодателя с беременными женщинами без их согласия?", "correct": "2", "1": "Не допускается.", "3": "Допускается.", "amount": "4", "4": "Допускается если трудовой договор был заключен на время исполнения обязанностей отсутствующего работника.", "2": "Не допускается, за исключением случаев ликвидации организации либо прекращения деятельности индивидуальным предпринимателем.", "theme": "Трудовой кодекс РФ от 30.12. 2001 № 197-ФЗ. " }