{ "teory": "", "text": "Первая помощь при обмороке (предобморочном состоянии)?", "correct": "5", "1": "Пострадавшего следует уложить, опустив голову несколько ниже туловища, так как при обмороке происходит внезапный отлив крови от мозга", "5": "Все вышеперечисленное", "3": "Класть на голову холодные примочки и лед не следует", "amount": "5", "4": "Лицо и грудь можно смочить холодной водой", "2": "Необходимо расстегнуть одежду пострадавшего, стесняющую дыхание, обеспечить приток свежего воздуха, дать ему выпить холодной воды, давать нюхать нашатырный спирт", "theme": "Медицинская часть" }