{ "teory": "", "text": "Кто допускается для работ с применением метанола? (ИВР 343-15 п-1.3)", "correct": "1", "1": "К выполнению работ, связанных с применением метанола допускаются лица не моложе 18лет,прошедшие мед.освидетельствование,специальный инструктах о свойствах метанола и соответствующих мерах безопасности при выполнении поручаемых работ,а так же допущенные приказом по предприятию.", "5": "К выполнению работ, связанных с применением метанола допускаются лица не моложе 18лет,прошедшие мед.освидетельствование,специальный инструктах о свойствах метанола и соответствующих мерах безопасности при выполнении поручаемых работ,а так же допущенные распоряжением по службе.", "3": "К выполнению работ, связанных с применением метанола допускаются лица не моложе 18лет,прошедшие мед.освидетельствование,специальный инструктах о свойствах метанола и соответствующих мерах безопасности при выполнении поручаемых работ,в резиновых сапогах и фартуке,а так же допущенные приказом по предприятию.", "amount": "5", "4": "К выполнению работ, связанных с применением метанола допускаются лица не старше 18лет,прошедшие мед.освидетельствование,специальный инструктах о свойствах метанола и соответствующих мерах безопасности при выполнении поручаемых работ,а так же допущенные приказом по предприятию.", "2": "К выполнению работ, связанных с применением метанола допускаются лица не моложе 18лет,прошедшие мед.освидетельствование,специальный инструктах о свойствах метанола и соответствующих мерах безопасности при выполнении поручаемых работ,а так же допущенные приказом по предприятию,имеющие с собой противогаз.", "theme": "Вопросы ОПС" }