{ "teory": "", "text": "Какая доза метанола вызывает тяжелое отравление и смерть при употреблении внутрь? (ИВР 343-15 п-1.8)", "correct": "3", "1": "Приём внутрь 15-50гр метанола может вызватьтяжелое отравление, а 200гр смертельноопасная доза", "5": "Метанол при употреблении внутрь не вызывает отравлений", "3": "Приём внутрь 5-10гр метанола может вызватьтяжелое отравление, а 30гр смертельноопасная доза", "amount": "5", "4": "Приём внутрь 1-3гр метанола может вызватьтяжелое отравление, а 10гр смертельноопасная доза", "2": "Приём внутрь 10-50гр метанола может вызватьтяжелое отравление, а 100гр смертельноопасная доза", "theme": "Вопросы ОПС" }