{ "teory": "", "text": "Какие показатели метанола? (ИВР 343-15 п-1.7)", "correct": "1", "1": "Бесцветная прозрачная жидкость,по вкусу и запаху напоминает винный (этиловый) спирт. Плотность 0.791г\/см3. Температура кипения +64.7*С. Пределы взрываемости 5.5-36.5% в воздухе. ПДК в воздухе рабочей зоны 5 мг\/см3. Растворим в спиртах и других органических соединениях,смешивается с водой во всех отношениях.", "5": "Бесцветная прозрачная жидкость,по вкусу и запаху напоминает винный (этиловый) спирт. Плотность 0.791г\/см3. Температура кипения +64.7*С. Пределы взрываемости 4.4-17% в воздухе. ПДК в воздухе рабочей зоны 5 мг\/см3. Не растворим в спиртах и других органических соединениях,смешивается с водой во всех отношениях.", "3": "Бесцветная прозрачная жидкость,по вкусу и запаху напоминает винный (этиловый) спирт. Плотность 0.791г\/см3. Температура кипения +64.7*С. Пределы взрываемости 5.5-36.5% в воздухе. ПДК в воздухе рабочей зоны 5 мг\/см3. Не растворим в спиртах и других органических соединениях,смешивается с водой во всех отношениях.", "amount": "5", "4": "Бесцветная прозрачная маслянистая жидкость,по вкусу и запаху напоминает винный (этиловый) спирт. Плотность 0.791г\/см3. Температура кипения +64.7*С. Пределы взрываемости 5.5-36.5% в воздухе. ПДК в воздухе рабочей зоны 5 мг\/см3. Растворим в спиртах и других органических соединениях,смешивается с водой во всех отношениях.", "2": "Бесцветная прозрачная жидкость,по вкусу и запаху напоминает винный (этиловый) спирт. Плотность 0.791г\/см3. Температура кипения +64.7*С. Пределы взрываемости 4.4-17% в воздухе. ПДК в воздухе рабочей зоны 5 мг\/см3. Растворим в спиртах и других органических соединениях,смешивается с водой во всех отношениях.", "theme": "Вопросы ОПС" }