{ "teory": "", "text": "Какие общие требования охраны труда по применению средств защиты органов слуха? (ИПСЗ-205-15 п-1)", "correct": "5", "1": "Средствами индивидуальной защиты выдаются бесплатно рабочим и служащим в индивидуальное пользование и закрепляются за ними по профессиям на сроки,предусмотренные отраслевыми нормами.", "5": "Перечисленные в ответах  1, 2 и 3 совместно", "3": "Руководители работ не допускают работника без наличия соответствующей спецодежды,спецобуви и нормативных средств защиты,предохранительных приспособлений.", "amount": "5", "4": "Перечисленные в ответах  1 и 2 совместно", "2": "Начальники служб обеспечивают работников средствами индивидуальной защиты и принимают меры к тому,что бы работники во время работы пользовались выданными исправными средствами индивидуальной защиты.", "theme": "Вопросы ОПС" }