{ "teory": "", "text": "В каких случаях запрещается использование фильтрующих средств защиты органов дыхания? (ИПСЗ-204-15 п-1.4)", "correct": "2", "1": "Объемная доля кислорода в воздухе менее 20%. В воздухе содержатся вещества,защита от которых не предусмотрена инструкцией по эксплуатации. В воздухе содержатся неизвестные вредные вещества,а так же низкокипящие и плохосорбирующие вещества,такие как метан,бутан,этан,этилен,ацетилен и др. Концентрация вредных веществ в воздухе превышает максимальное значение предусмотренное инструкцией по эксплуатации.", "5": "_", "3": "Объемная доля кислорода в воздухе более 18%. В воздухе содержатся вещества,защита от которых не предусмотрена инструкцией по эксплуатации.В воздухе содержатся неизвестные вредные вещества,а так же низкокипящие и плохосорбирующие вещества,такие как метан,бутан,этан,этилен,ацетилен и др. Концентрация вредных веществ в воздухе не превышает максимальное значение предусмотренное инструкцией по эксплуатации.", "amount": "5", "4": "Объемная доля кислорода в воздухе менее 20%. В воздухе содержатся вещества,защита от которых не предусмотрена инструкцией по эксплуатации.В воздухе содержатся неизвестные вредные вещества,а так же низкокипящие и плохосорбирующие вещества,такие как метан,бутан,этан,этилен,ацетилен и др. Концентрация вредных веществ в воздухе превышает максимальное значение предусмотренное инструкцией по эксплуатации.", "2": "Объемная доля кислорода в воздухе менее 18%. В воздухе содержатся вещества,защита от которых не предусмотрена инструкцией по эксплуатации.В воздухе содержатся неизвестные вредные вещества,а так же низкокипящие и плохосорбирующие вещества,такие как метан,бутан,этан,этилен,ацетилен и др. Концентрация вредных веществ в воздухе превышает максимальное значение предусмотренное инструкцией по эксплуатации.", "theme": "Вопросы ОПС" }