{ "teory": "", "text": "Какие требования охраны труда в процессе работы в средствах защиты органов дыхания? (ИПСЗ-204-15 п-3.1)", "correct": "1", "1": "Работник обязан правильно использовать средства индивидуальной и коллективной защиты,обеспечивающие безопасность труда. Применять исправные средства защиты,соблюдать при этом все требования охраны труда. Обращать внимание на поведение других работников,выполнение ими личных мер безопасности.", "3": "Применять исправные средства защиты,соблюдать при этом все требования охраны труда.Обращать внимание на поведение других работников,выполнение ими личных мер безопасности.", "amount": "4", "4": "Работник обязан правильно использовать средства индивидуальной и коллективной защиты,обеспечивающие безопасность труда. Применять исправные средства защиты,соблюдать при этом все требования охраны труда.", "2": "Применять исправные средства защиты,соблюдать при этом все требования охраны труда. Работник обязан правильно использовать средства индивидуальной и коллективной защиты,обеспечивающие безопасность труда.", "theme": "Вопросы ОПС" }