{ "teory": "", "text": "Как делятся по типу средства защиты органов дыхания? (ИПСЗ-204-15 п-1.26)", "correct": "5", "1": "Фильтрующий и дифузионный.", "5": "Изолирующий и фильтрующий.", "3": "Фильтрующий и барьерный.", "amount": "5", "4": "Проницаемый и изолирующий.", "2": "Изолирующий и дифузионный.", "theme": "Вопросы ОПС" }