{ "teory": "", "text": "Какие защитные свойства средств индивидуальной защиты фильтрующего типа характеризуются следующими показателями? (ИПСЗ-204-15 п-1.11)", "correct": "5", "1": "По защите от паров и газов вредных веществ - временем защитного действия и коэффициентом подсоса.", "5": "Перечисленные в ответах  1 и 3 совместно", "3": "По защите от аэрозолей вредных веществ - коэффициентом проницаемости и коэффициентом подсоса", "amount": "5", "4": "Перечисленные в ответах  1 и 2 совместно", "2": "По защите от жидких углеводородов и аэрозолей - коэффициентом проницаемости и коэффициентом подсоса", "theme": "Вопросы ОПС" }