{ "teory": "", "text": "Коэффициент подсоса это: (ИПСЗ-204-15 п-1.14)", "correct": "2", "1": "Отношение концентрации аэрозоля вредного вещества после фильтрующего элемента к его начальной концентрации выраженное в процентах.", "5": "Перечисленные в ответах 2 и 3.", "3": "Отношение концентрации вредных веществ  и времени защитного действия фильтрующего материала к её начальной концентрации,выраженное в процентах", "amount": "5", "4": "Перечисленные в ответах 1 и 2.", "2": "Отношение концентрации вредного вещества, проникающего под лицевую часть,минуя фильтруюший элемент,к её начальной концентрации,выраженное в процентах.", "theme": "Вопросы ОПС" }