{ "teory": "", "text": "Что обязан обеспечить работодатель?", "correct": "5", "1": "Применение сертифицированных средств индивидуальной и коллективной защиты работников, соответствующие требованиям охраны труда условия труда на каждом рабочем месте.", "5": "Указанное в ответе 4, а также наличие комплекта нормативных правовых актов, содержащих требования охраны труда в соответствии со спецификой своей деятельности.", "3": "Недопущение работников к исполнению ими трудовых обязанностей без прохождения обязательных медосмотров, обязательных психиатрических освидетельствований, а также в случае медицинских противопоказаний.", "amount": "5", "4": "Перечисленное выше, а также недопущение к работе лиц, не прошедших в установленном порядке обучение и инструктаж по охране труда, стажировку и проверку знаний требований охраны труда.", "2": "Режим труда и отдыха в соответствии с трудовым законодательством и иными нормативными правовыми актами, содержащими нормы трудового права, ознакомление работников с требованиями охраны труда.", "theme": "Трудовой кодекс РФ от 30.12. 2001 № 197-ФЗ. " }