{ "teory": "", "text": "Каковы приоритеты ПАО \"Газпром\" при осуществлении всех видов деятельности?", "correct": "1", "1": "Жизнь и здоровье работников.", "3": "Дальнейшая разработка и эксплуатация новых месторождений газа и нефти в соответствии с долгосрочными планами развития Компании.", "amount": "4", "4": "Увеличение объемов реализации газа и нефти как внутри страны, так и за ее пределами.", "2": "Эффективное развитие Единой системы газоснабжения стран СНГ.", "theme": "Политика ПАО \"Газпром\" в области охраны труда и промышленной безопасности" }