{ "teory": "", "text": "Какова продолжительность ежегодного отпуска для работников моложе 18 лет?", "correct": "5", "1": "30 дней.", "5": "31 календарный день в удобное для них время.", "3": "18 рабочих дней.", "amount": "5", "4": "24 рабочих дня.", "2": "Продолжительность отпуска зависит от занимаемой должности и выполняемой работы.", "theme": "Трудовой кодекс РФ от 30.12. 2001 № 197-ФЗ. " }