{ "teory": "", "text": "Какие основные причины повышенной вибрации и шума насосного оборудования (ИП-434-16 п-5)", "correct": "5", "1": "Некачественный монтаж оборудования, незначительное засорение рабочих колёс, ослабление креплений на трубах, кавитация.", "5": "Перечисленные в ответах 1 и 3.", "3": "Механические повреждения (износ подшипников,заедание вращающихся деталей, прогиб вала.", "amount": "5", "4": "Перечисленные в ответах 2 и 3.", "2": "Отсутствие крыльчатки охлаждения электродвигателя, густая консистенция рабочей среды.", "theme": "Вопросы ОПС" }