{ "teory": "", "text": "С чем связана перегрузка на двигателе насосного агрегата (ИП-434-16 п-4.4)", "correct": "1", "1": "Механические повреждения насоса или двигателя,превышение фактического количества оборотов над расчётной величиной,недопустимая производительность агрегата.", "3": "Механические повреждения насоса или двигателя,повреждения водонапорной трубы, превышение фактического количества оборотов над расчётной величиной,недопустимая производительность агрегата.", "amount": "4", "4": "Механические повреждения насоса или двигателя,кавитация,превышение фактического количества оборотов над расчётной величиной,недопустимая производительность агрегата.", "2": "Механические повреждения насоса или двигателя,превышение фактического количества оборотов над расчётной величиной,недопустимая производительность агрегата,наличие воздуха в рабочей среде.", "theme": "Вопросы ОПС" }