{ "teory": "", "text": "С чем связано снижение производительности насосов? (ИП-434-16 п-4.2)", "correct": "5", "1": "Проникновение воздуха через сальник в корпус агрегата или всасывающую трубу,нарастание сопротивления в напорной трубе,увеличение высоты всасывания.", "5": "Перечисленные в ответах 1 и 3", "3": "Износ уплотнительных колец,засорение или повреждение рабочих колёс.", "amount": "5", "4": "Перечисленные в ответах 1 и 2", "2": "Некачественный монтаж оборудования, ослабление креплений на трубах, кавитация.", "theme": "Вопросы ОПС" }