{ "teory": "", "text": "Какие дополнительные средства индивидуальной защиты должны быть у лиц работающих с метанолом? (ИВР-343-15 п-1.14)", "correct": "5", "1": "Респиратор с фильтрующей коробкой марки В, прорезиненный фартук, резиновые сапоги и рукавицы.", "5": "Противогаз с фильтрующей коробкой марки А, прорезиненный фартук, резиновые сапоги и рукавицы.", "3": "Респиратор с фильтрующей коробкой марки В, прорезиненный фартук,газоанализатор, резиновые сапоги и рукавицы.", "amount": "5", "4": "Противогаз с фильтрующей коробкой марки С , прорезиненный фартук, диэлектрический коврик, резиновые сапоги и рукавицы.", "2": "Противогаз с фильтрующей коробкой марки А, прорезиненный фартук, диэлектрический коврик, сапоги и рукавицы-краги.", "theme": "Вопросы ОПС" }