{ "teory": "", "text": "Что должно быть нанесено на ёмкости и цистерны для перевозки метанола,для слива,а так же ингибиторные установки? (ИВР-343-15 п-1.15)", "correct": "4", "1": "Должны быть знак безопасности и нанесённые несмываемой краской черепа,скрещенные кости и надписи: (МЕТАНОЛ-ЯД), (ОПАСНО ДЛЯ ЖИЗНИ), (НЕ ВЛЕЗАЙ-УБЬЁТ!), (ГАЗОВЗРЫВООПАСНО).", "5": "Должны быть знак безопасности и нанесённые смываемой краской черепа,скрещенные кости и надписи: (МЕТАНОЛ-ЯД), (ОПАСНО ДЛЯ ЖИЗНИ), (ГАЗОВЗРЫВООПАСНО).", "3": "Должны быть, но не обязательно знак безопасности и нанесённые несмываемой краской черепа,скрещенные кости и надписи: (МЕТАНОЛ-ЯД), (МЕСТО ДЛЯ КУРЕНИЯ), (ОПАСНО ДЛЯ ЖИЗНИ), (ГАЗОВЗРЫВООПАСНО).", "amount": "5", "4": "Должны быть знак безопасности и нанесённые несмываемой краской черепа,скрещенные кости и надписи: (МЕТАНОЛ-ЯД), (ОПАСНО ДЛЯ ЖИЗНИ), (ГАЗОВЗРЫВООПАСНО).", "2": "Должны быть знак безопасности и нанесённые несмываемой краской черепа,скрещенные кости и надписи: (МЕТАНОЛ-ЯД), (ОПАСНО ДЛЯ ЖИЗНИ), (ГАЗОВЗРЫВООПАСНО),(ОПАСНОЕ НАПРЯЖЕНИЕ).", "theme": "Вопросы ОПС" }