{ "teory": "", "text": "Какие симптомы отравления метанолом? (ИВР-343-15 п-1.9)", "correct": "3", "1": "Головная боль,кашель, головокружение,тошнота,рвота,боль в желудке,общая слабость,раздражение слизистых,мелькание в глазах. В тяжелых случаях наступает слепота.", "5": "Головная боль,головокружение,тошнота,рвота, судороги,боль в желудке,общая слабость,раздражение слизистых,мелькание в глазах. В тяжелых случаях наступает слепота.", "3": "Головная боль,головокружение,тошнота,рвота,боль в желудке,общая слабость,раздражение слизистых,мелькание в глазах. В тяжелых случаях наступает слепота и смерть.", "amount": "5", "4": "Зрительные галюцинации,головная боль,головокружение,тошнота,рвота,боль в желудке,общая слабость,раздражение слизистых,мелькание в глазах. В тяжелых случаях внутренние кровотечения.", "2": "Зрительные галюцинации,головокружение,тошнота,рвота,боль в желудке,общая слабость,раздражение слизистых,мелькание в глазах. В тяжелых случаях наступает слепота и смерть.", "theme": "Вопросы ОПС" }