{ "teory": "", "text": "Как должен проводиться слив метанола? (ИВР-343-15 п-1.21)", "correct": "4", "1": "Слив метанола должен проводиться насосами,специально для этой цели выделенными и не применяемыми для других целей, или методом передавливания под давлением. Переливание вёдрами и сифонами с засасыванием ртом  допускается с разрешения ответственного за слив метанола, Слив метанола из тары должен производиться полностью,без остатка продукта.", "5": "_", "3": "Слив метанола должен проводиться насосами,специально для этой цели выделенными и не применяемыми для других целей, или методом передавливания под давлением. Переливание вёдрами и сифонами с засасыванием ртом допускается с применением СИЗ.  Слив метанола из тары возможно производить не полностью,с остатком продукта.", "amount": "5", "4": "Слив метанола должен проводиться насосами,специально для этой цели выделенными и не применяемыми для других целей, или методом передавливания под давлением. Переливание вёдрами и сифонами с засасыванием ртом не допускается. Слив метанола из тары должен производиться полностью,без остатка продукта.", "2": "Слив гликолей должен проводиться насосами,специально для этой цели выделенными и не применяемыми для других целей, или методом передавливания под давлением. Переливание вёдрами и сифонами с засасыванием ртом не допускается. Слив гликолей из тары должен производиться полностью,без остатка продукта.", "theme": "Вопросы ОПС" }