{ "teory": "", "text": "Что необходимо проверить в ингибиторной установке до закачки в неё метанола? (ИВР-343-15 п-3.7)", "correct": "5", "1": "До закачки метанола в ингибиторную установку необходимо проверять исправность её узлов, фланцевых соединений, вентилей, предохранительных клапанов, манометров и др. ", "5": "Перечисленные в ответах 1 и 3.", "3": " Повреждения в ингибиторной установке должны немедленно устраняться.", "amount": "5", "4": "Перечисленные в ответах 2 и 3.", "2": "До закачки метанола в ингибиторную установку необходимо проверять исправность её узлов, анкерных болтов,лакокрасочного покрытия, заземления, фланцевых соединений, вентилей, предохранительных клапанов.", "theme": "Вопросы ОПС" }