{ "teory": "", "text": "Что запрещается при работе с метанолом? (ИВР-343-15 п-3.12)", "correct": "3", "1": "Эксплуатация негерметичного оборудования и запорной арматуры, наличие деревьев, кустарников и сухой травы в зоне работы, устанавливать ёмкости на горючее основание, использование исправного инструмента, отбирать пробы из резервуаров во время слива и налива метанола.", "3": "Эксплуатация негерметичного оборудования и запорной арматуры, наличие деревьев, кустарников и сухой травы в зоне работы, устанавливать ёмкости на горючее основание, отбирать пробы из резервуаров во время слива и налива метанола, слив и налив метанола во время грозы", "amount": "3", "2": "Эксплуатация негерметичного оборудования и запорной арматуры, наличие деревьев, кустарников и сухой травы в зоне работы, устанавливать ёмкости на горючее основание, отбирать пробы из резервуаров во время слива и налива метанола, использование искрогасителей на автотранспорте, слив и налив метанола во время грозы", "theme": "Вопросы ОПС" }