{ "teory": "", "text": "Какие меры нужно предпринять при отсутствии возможности немедленной доставки отравившегося метанолом в лечебное учреждение? (ИВР-343-15 п-4.3)", "correct": "4", "1": "При попадании на руки,лицо,одежду метанола необходимо немедленнооблитые метанолом места обмыть большим количеством воды и сменить одежду.", "5": "Перечисленное в ответах 1 и 3.", "3": "После промывания желудка приём 0.75г этилового спирта на 1кг веса пострадавшего немндленно, и до доставки в лечебное учреждение,  по 0.5 г этил.спирта на 1кг веса пострадавшего  каждые 4 часа в течении 72 часов.", "amount": "5", "4": "Всё перечисленное.", "2": "В случае приёма метанола внутрь необходимо сделать промывание желудка, в течении первых двух часов принять 2-3 л 5% раствора соды. В последующем каждые 30 минут по 5гр соды и обильное питьё.", "theme": "Вопросы ОПС" }