{ "teory": "", "text": "Какие дисциплинарные взыскания имеет право применить работодатель за совершение дисциплинарного проступка, то есть неисполнение или ненадлежащее исполнение работником по его вине возложенных на него трудовых обязанностей?", "correct": "4", "1": "Замечание.", "5": "Перечисленные в ответах 1, 2 и 3, а также взыскание суммы причиненного ущерба.", "3": "Увольнение по соответствующим основаниям.", "amount": "5", "4": "Перечисленные выше.", "2": "Выговор.", "theme": "Трудовой кодекс РФ от 30.12. 2001 № 197-ФЗ. " }