{ "teory": "", "text": "Первая помощь при переломах.", "correct": "5", "1": "Пострадавшего нужно как можно быстрее доставить в лечебное учреждение", "5": "Все вышеперечисленное", "3": "При открытом переломе еще и наложить на рану стерильную повязку", "amount": "5", "4": "В случае сильного кровотечения необходимо принять меры к его остановке, например, с помощью жгута кровоостанавливающего", "2": "Предварительно необходимо обеспечить надежную транспортную иммобилизацию", "theme": "Медицинская часть" }