{ "teory": "", "text": "Как поступают с пролитым метанолом при авариях и переливах? (ИВР-343-15 п-4.2)", "correct": "1", "1": "Немедленно смывается большим количеством воды. Залитое место сразу должно быть засыпано песком или опилками. Пропитанный метанолом песок или опилки необходимо удалить.", "5": "_", "3": "Место перелива метанола огораживается сигнальной лентой.Залитое место посыпают опилками. Пропитанные метанолом опилки необходимо удалить в контейнер для промасленых отходов.", "amount": "5", "4": "_", "2": "Залитое место сразу должно быть засыпано песком или опилками. После удаления опилок посыпать содой или бисульфатом натрия.", "theme": "Вопросы ОПС" }