{ "teory": "", "text": "Может ли работник выполнять отбор проб метанола и замер уровня при помощи приспособлений и материалов исключающих искрообразование? (ИВР-343-15 п-3.13)", "correct": "1", "1": "Может.", "3": "Может с учетом мнения выборного органа первичной профсоюзной организации.", "amount": "4", "4": "Может только с разрешения начальника службы.", "2": "Не может.", "theme": "Вопросы ОПС" }