{ "teory": "", "text": "Какими шлангами должны быть укомплектованы паропередвежные установки (ППУ)?  (ИВР-323-15 п-1.2)", "correct": "3", "1": "Шлангами высокого давления опрессованными на рабочее давление котлоагрегата( Р-100атм) и длиной равной 25 метров,или более", "5": "Шлангами высокого давления опрессованными на максимально возможное давление котлоагрегата( Р-100атм) и длиной меньше,или равной 15 метров", "3": "Шлангами высокого давления опрессованными на рабочее давление котлоагрегата( Р-100атм) и длиной меньше,или равной 25 метров", "amount": "5", "4": "Шлангами высокого давления опрессованными на рабочее давление котлоагрегата( Р-100атм) и длиной меньше,или равной 50 метров", "2": "Шлангами высокого давления длиной меньше,или равной 25 метров испытанными в соответствии с требованиями газовой промышленности.", "theme": "Вопросы ОПС" }