{ "teory": "", "text": "Кто даёт разрешение на пуск сосуда в работу? (ИВР-317-15 п-3.1)", "correct": "3", "1": "Разрешение на пуск сосуда в работу выдаётся инспектором Ростехнадзора(ответственным по надзору) после гидравлических испытаний и записи результатов в паспорт сосуда.", "5": "_", "3": "Разрешение на пуск сосуда в работу выдаётся инспектором Ростехнадзора(ответственным по надзору) после регистрации и технического освидетельствования.", "amount": "5", "4": "_", "2": "Разрешение на пуск сосуда в работу выдаётся главным инженером предприятия после регистрации и технического освидетельствования.", "theme": "Вопросы ОПС" }