{ "teory": "", "text": "Как проверяется исправность действия пружинного предохранительного клапана? (ИВР-317-15 п-3.13)", "correct": "4", "1": "Путём принудительного открывания его во время работы оборудования с переодичностью, установленной в производственной инструкции по эксплуатации предохранительных клапанов.", "5": "Перечисленное в ответах 2 и 3.", "3": "Проверкой срабатывания клапана на стендах, если принудительное открывание клапана нежелательно, или по свойствам рабочей среды(взрывоопасная, горючая, токсичная) , или по условиям технологического процесса.", "amount": "5", "4": "Перечисленное в ответах 1 и 3.", "2": "Замером толщины стенок клапана, и если это невозможно, проведение гидравлического испытания. Проверкой соответствия пружины, давлению сосуда на котором установлен клапан.", "theme": "Вопросы ОПС" }