{ "teory": "", "text": "Какие светильники должны применяться при работе внутри сосуда, работающего под давлением? (ИВР-317-15 п-3.16)", "correct": "1", "1": "При работе внутри сосуда (внутренний осмотр, ремонт, чистка) должны применяться безопасные светильники на напряжение не выше 12 вольт, а при взрывоопасных средах -во взрывобезопасном исполнении.", "5": "При работе внутри сосуда (внутренний осмотр, ремонт, чистка) должны применяться безопасные светильники на напряжение не выше 12 вольт, а при взрывобезопасных средах -во взрывоопасном исполнении расчитанным на давление в сосуде.", "3": "При работе внутри сосуда (внутренний осмотр, ремонт, чистка) должны применяться светильники заводского исполнения  на напряжение не выше 36 вольт, а при взрывоопасных средах -во взрывобезопасном исполнении.", "amount": "5", "4": "При работе внутри сосуда (внутренний осмотр, ремонт, чистка) должны применяться безопасные светильники на напряжение не выше 36 вольт, а при взрывоопасных средах -во взрывобезопасном исполнении.", "2": "При работе внутри сосуда (внутренний осмотр, ремонт, чистка) должны применяться безопасные светильники на напряжение  выше 12 вольт, а при взрывоопасных средах -во взрывобезопасном и пылевлагозащищенном исполнении.", "theme": "Вопросы ОПС" }