{ "teory": "", "text": "В каком случае проводится внеочередная проверка знаний у персонала обслуживающего сосуды работающие под давлением? (ИП-407-18 п-3.5)", "correct": "5", "1": "При переходе в другую организацию, в слусае внесения изменений в инструкцию по режиму работы и безопасному обслуживанию сосудов, при изменении производственного(технологического) процесса.", "5": "Всё перечисленное", "3": "В случае обнаружения недостаточных знаний работниками инструкций по охране труда, замене или модернизации оборудования и механизмов, при введении в действие новых правил и норм безопасности, инструкций по охране труда и безопасному ведению работ.", "amount": "5", "4": "Перечисленное в ответах 2 и 3.", "2": "В случае нарушения работниками требований правил безопасности и инструкций по охране труда, по приказу или распоряжению вышестоящей организации, филиала организации, по требованию органов государственного надзора и контроля.", "theme": "Вопросы ОПС" }