{ "teory": "", "text": "До какой температуры должен быть охлаждён сосуд после пропарки перед спуском в него людей? (ИП-407-18 п-10.30)", "correct": "2", "1": "Не превышающей 40*C", "5": " От 20*C до 40*C в зависимости от климатических условий", "3": "Не менее 40*C", "amount": "5", "4": " Не менее 20*C", "2": "Не превышающей 30*C", "theme": "Вопросы ОПС" }