{ "teory": "", "text": "Огневые работы это - ? ИВР-302-15", "correct": "3", "1": "Работы, не затрагивающие непосредственно газопроводы, газовое оборудование, трубопроводы и технологическое оборудование, транспортирующее ГСМ", "3": "Технологические операции, связанные с применением открытого огня, искрообразованием и нагреванием до температуры, способной вызвать воспламенение газа, горючих жидкостей, материалов и конструкций (электросварка, газосварка, бензо-керосинорезка, паяльные работы, механическая обработка металла с образованием искр и т.п.- РД 09.364.-00)", "amount": "3", "2": "Технологические операции, связанные с искрообразованием и нагреванием до температуры, способной вызвать воспламенение газа, горючих жидкостей.", "theme": "Вопросы ОПС" }