{ "teory": "", "text": "Разрешается ли проведение огневых работ без оформления наряда-допуска-? ИВР-302-15 (п3.7)", "correct": "2", "1": "Разрешается..", "3": "Проведение огневых работ без оформления наряда-допуска строго запрещается.", "amount": "3", "2": "Проведение огневых работ на сварочных постах (площадках) разрешается без оформления наряда-допуска. Список работников, допущенных к самостоятельному проведению сварочных работ без оформления наряда-допуска, устанавливается приказом руководителя филиала.", "theme": "Вопросы ОПС" }