{ "teory": "", "text": "Что запрещено делать при оказании первой помощи при переломах?", "correct": "3", "1": "Пытаться сопоставить отломки кости – устранить изменение формы конечности (искривление) при закрытом переломе", "3": "Все вышеперечисленное", "amount": "3", "2": "Пытаться вправить вышедшую наружу кость при открытом переломе", "theme": "Медицинская часть" }