{ "teory": "", "text": "В какой срок работник может обратиться в комиссию по трудовым спорам в случае нарушения своего права? ", "correct": "1", "1": "В трехмесячный срок со дня, когда он узнал или должен был узнать о нарушении своего права.", "amount": "2", "2": "В месячный срок со дня, когда он узнал или должен был узнать о нарушении своего права.", "theme": "Трудовой кодекс РФ от 30.12. 2001 № 197-ФЗ. " }