{ "teory": "", "text": "Верхолазные работы это-? ИВР-337-15 (п. 2.4)", "correct": "4", "1": "Работы непосредственно с конструкциями или оборудованием при их монтаже или ремонте, при этом основным средством, предохраняющим от падения является предохранительный пояс.", "5": "Указанное в ответах 1 и 2 совместно.", "3": "Работы выполняемые на высоте 7м от поверхности земли, перекрытия или рабочего настила, над которым производятся работы и на расстоянии ближе 2-х метров от неогражденных участков по перепаду высоты 1,8м.", "amount": "5", "4": "Работы выполняемые на высоте 5м от поверхности земли, перекрытия или рабочего настила, над которым производятся работы непосредственно с конструкциями или оборудованием при их монтаже или ремонте, при этом основным средством, предохраняющим от падения является предохранительный пояс.", "2": "Работы выполняемые на высоте 3м от поверхности земли, перекрытия или рабочего настила, над которым производятся работы и на расстоянии ближе 2-х метров от неогражденных участков по перепаду высоты 2м.", "theme": "Вопросы ОПС" }