{ "teory": "", "text": "Работники рабочих профессий, привлекаемые к выполнению работ повышенной опасности, должны: ИВР-337-15 (п5.1)", "correct": "1", "1": "Всё ниже перечисленное", "5": "Быть допущенными к самостоятельной работе по основной и совмещаемой профессиям; получить целевой инструктаж в соответствии с нарядом-допуском.", "3": "Пройти проверку состояния здоровья и не иметь медицинских противопоказаний к исполнению работ по основной и совмещаемым профессиям.", "amount": "5", "4": "Пройти проверку знаний требований инструкций по охране труда для основной и совмещаемой профессий.", "2": "Иметь профессиональную подготовку и квалификацию, соответствующие характеру выполняемой ими работы; соблюдать указания, полученные при целевом инструктаже.", "theme": "Вопросы ОПС" }