{ "teory": "", "text": "Обязанности наблюдающего при выполнении работ по наряду-допуску… ИВР-337-15 (п8.5.2)", "correct": "5", "1": "Получает целевой инструктаж от выдающего наряд или производителя работ (под роспись в наряде-допуске)", "5": "Указанное выше.", "3": "Приостанавливает производство работ( и извещает об этом производителя работ) в случаях возникновения угрозы жизни и здоровья исполнителей самостоятельно либо по требованию руководителя работ или допускающего.", "amount": "5", "4": "Возобновляет производство работ по указанию допускающего к работе или производителя работ; несет ответственность за соблюдение мероприятий по обеспечению безопасных условий труда во время выполнения работ, входящих в обязанности исполнителей работ и определяемых нарядом-допуском.", "2": "Лично осуществляет контроль исполнения работ в течении рабочей смены и соблюдения мероприятий, обеспечивающих безопасные условия труда, определяемые нарядом-допуском и входящие в обязанности исполнителей работ.", "theme": "Вопросы ОПС" }