{ "teory": "", "text": "Обязанности исполнителя (члена бригады) работ выполняемых по наряду-допуску… ИВР-337-15 (п8.6.2)", "correct": "2", "1": "Правильно применяет и использует во время работы спецодежду и средства индивидуальной защиты.", "5": "Освобождается от исполнения обязанностей исполнителя работ при назначении наблюдающим; несет ответственность за соблюдение мероприятий, обеспечивающих безопасные условия труда, определяемые нарядом-допуском и входящие в его обязанности.", "3": "Исполняет порученные ему работы в точном соответствии с нарядом-допуском.", "amount": "5", "4": "Соблюдает требования безопасности, предусмотренные в наряде допуске; прекращает выполнение работ по указанию производителя работ или наблюдающего.", "2": "Указанное в ответах 1,3,4,5 совместно.", "theme": "Вопросы ОПС" }