{ "teory": "", "text": "Безопасные условия труда это-? ИВР-337-15 (п2.1)", "correct": "1", "1": "Условия труда, при которых воздействие на работников вредных и (или) опасных производственных факторов исключено либо уровни их воздействия не превышают установленных нормативов.", "3": "Условия труда, при которых воздействие опасных производственных факторов на работников  исключено ", "amount": "4", "4": "Условия труда, при которых исключено воздействие только опасных производственных факторов.", "2": "Условия труда, при которых воздействие вредных производственных факторов на работников  исключено ", "theme": "Вопросы ОПС" }