{ "teory": "", "text": "Кем оформляется нвряд-допуск-? ИВР-337-15 (п.7.3)", "correct": "2", "1": "Наряд-допуск должен быть оформлен непосредственным руководителем выполняемых работ.", "3": "Наряд-допуск на выполнение работ должен оформляться диспетчером в двух экземплярах и зарегистрирован в \"Журнале учета выдачи нарядов-допусков на производство работ повышенной опасности\"..", "amount": "4", "4": "Варианты 1 и 3 совместно.", "2": "Наряд-допуск должен быть оформлен выдающим наряд-допуск в двух экземплярах и зарегистрирован в \"Журнале учета выдачи нарядов-допусков на производство работ повышенной опасности\".", "theme": "Вопросы ОПС" }