{ "teory": "", "text": "На какой срок выдается наряд-допуск-? ИВР-337-15 (п.7.6)", "correct": "5", "1": "Наряд-допуск выдается на срок необходимый для выполнения работ, но не более 5 суток", "5": "Наряд-допуск выдается на срок необходимый для выполнения работ, но не более 10 суток", "3": "Наряд-допуск выдается на срок необходимый для выполнения работ, но не более 3 суток", "amount": "5", "4": "Наряд-допуск выдается на срок необходимый для выполнения работ вплоть до их окончания.", "2": "Наряд-допуск выдается на срок необходимый для выполнения работ, но не более 7 суток", "theme": "Вопросы ОПС" }