{ "teory": "", "text": "Где должен храниться закрытый наряд-допуск и в течении какого времени-? ИВР-337-15 (п.7.8)", "correct": "2", "1": "Срок хранения - не менее 30 дней со дня закрытия.", "3": "Один экземпляр закрытого наряда-допуска хранится в делах цеха (службы) на объектах которого производились работы, второй - у лица, определенного приказом по филиалу. Срок хранения - не менее 20 дней со дня закрытия.", "amount": "4", "4": "Срок хранения - не менее одного года со дня закрытия.", "2": "Один экземпляр закрытого наряда-допуска хранится в делах цеха (службы) на объектах которого производились работы, второй - у лица, определенного приказом по филиалу. Срок хранения - не менее 30 дней со дня закрытия.", "theme": "Вопросы ОПС" }