{ "teory": "", "text": "Рабочая зона огневых работ должна быть подготовлена для безопасного и удобного их выполнения: ИВР-337-15 (п.6.1.4)", "correct": "2", "1": "К месту огневых работ должны быть организованы свободные подходы и подъезды;", "5": "Запрещается совмещение огневых и газоопасных работ.", "3": "Удалены лишние предметы, в том числе содержащие взрывоопасные, пожароопасные и вредные вещества;", "amount": "5", "4": "Обеспечено достаточное освещение, включая искусственное;", "2": "Указанное в ответах 1,3,4,5 совместно.", "theme": "Вопросы ОПС" }