{ "teory": "", "text": "При каком содержании газа в воздухе могут выполняться огневые работы-? ИВР-302-15 (п 7.1.6)", "correct": "1", "1": "Огневые работы могут выполняться при содержании газа в воздухе рабочей зоны не выше 20 % от НКПВ. При повышении концентрации газа более 20% от НКПВ огневые работы необходимо немедленно прекратить, а людей вывести из опасной зоны.", "3": "Огневые работы могут выполняться при содержании газа в воздухе рабочей зоны не выше 20 % от НКПВ. При повышении концентрации газа более 15% от НКПВ огневые работы необходимо немедленно прекратить, а людей вывести из опасной зоны.", "amount": "4", "4": "Огневые работы могут выполняться при содержании газа в воздухе рабочей зоны не выше 15 % от НКПВ. При повышении концентрации газа более 15% от НКПВ огневые работы необходимо немедленно прекратить, а людей вывести из опасной зоны.", "2": "Огневые работы могут выполняться при содержании газа в воздухе рабочей зоны не выше 25 % от НКПВ. При повышении концентрации газа более 20% от НКПВ огневые работы необходимо немедленно прекратить, а людей вывести из опасной зоны.", "theme": "Вопросы ОПС" }