{ "teory": "", "text": "Имеет ли право работодатель требовать от работника исполнения трудовых обязанностей в случае необеспечения работника в соответствии с установленными нормами средствами индивидуальной и коллективной защиты? ", "correct": "1", "1": "Не имеет.", "3": "Имеет при производстве работ, необходимость которых обусловлена введением чрезвычайного или военного положения, а также неотложных работ в условиях чрезвычайных обстоятельств.", "amount": "4", "4": "Имеет в случаях, указанных в ответах 2 и 3.", "2": "Имеет при производстве работ, необходимых для предотвращения катастрофы, производственной аварии либо устранения последствий катастрофы, производственной аварии или стихийного бедствия.", "theme": "Трудовой кодекс РФ от 30.12. 2001 № 197-ФЗ. " }