{ "teory": "", "text": "Что такое обморожение?", "correct": "1", "1": "Повреждение тканей в результате воздействия низкой температуры", "3": "Повреждение тканей в результате воздействия средней температуры", "amount": "3", "2": "Повреждение тканей в результате воздействия высокой температуры", "theme": "Медицинская часть" }