{ "teory": "", "text": "С какой переодичностью должна контролироваться рабочая зона на загазованность-? ИВР-302-15 (п7.1.7)", "correct": "3", "1": "При производстве огневых работ рабочая зона должна контролироваться на загазованность переносными газоанализаторами с периодичностью, определенной ответственным за проведение огневых работ, но не реже чем через 40 минут. При проведении контроля загазованности также необходимо проверять наличие в воздухе рабочей зоны тяжелых фракций (пропана, бутана и др.)", "3": "При производстве огневых работ рабочая зона должна контролироваться на загазованность переносными газоанализаторами с периодичностью, определенной ответственным за проведение огневых работ, но не реже чем через 30 минут. При проведении контроля загазованности также необходимо проверять наличие в воздухе рабочей зоны тяжелых фракций (пропана, бутана и др.)", "amount": "4", "4": "Переодичность контроля рабочей зоны на загазованность определяется непосредственным руководителем работ.", "2": "Переодичность контроля рабочей зоны на загазованность не регламентируется.", "theme": "Вопросы ОПС" }