{ "teory": "", "text": "За сколько времени до проведения огневых работ в помещении, должна быть произведена его вентиляция-? ИВР-302-15 (п 7.2.3.1)", "correct": "2", "1": "Время вентиляции помещения определяется нарядом-допуском.", "5": "Не регламентируется.", "3": "Обеспечение максимально возможной вентиляции помещения не менее чем за 30 мин. до их начала и в течение всего периода ведения огневых работ.", "amount": "5", "4": "Указанное в ответах 1 и 3 совместно.", "2": "Обеспечение максимально возможной вентиляции помещения не менее чем за 15 мин. до их начала и в течение всего периода ведения огневых работ.", "theme": "Вопросы ОПС" }