{ "teory": "", "text": "Что должно быть отражено на технологической схеме участка газопровода, на котором производятся огневые работы-? ИВР-302-15 (п 5.2.11)", "correct": "5", "1": "Место производства работ и другие, технологически связвнные с ним соседние газопроводы и коммуникации.", "5": "Все выше перечисленное.", "3": "Места подключения установок для подачи инертных газов (азота).", "amount": "5", "4": "Места отбора проб для контроля загазованности; места установки заглушек и глухих линз, огнеупорных стенок", "2": "Положение запорной арматуры (открыто, закрыто) и ее нумерация; места установки временных герметизирующих йстройств, U-образныхманометров или тягонапоромеров.", "theme": "Вопросы ОПС" }