{ "teory": "", "text": "На ситуационной схеме участка газопровода, на котором производятся огневые работы должно быть отражено:-? ИВР-302-15 (п 5.2.13)", "correct": "3", "1": "Места расстановки постов наблюдения и средств связи;", "5": "Границы опасных зон.", "3": "Указанное в ответах 1,2,4,5", "amount": "5", "4": "Места расстановки сварочных постов, механизмов, техники, средств пожаротушения, предупредительных знаков и плакатов;", "2": "Маршруты и места переезда техники через газопроводы;", "theme": "Вопросы ОПС" }