{ "teory": "", "text": "Освещение места работы, в том числе земляной, на эксплуатируемых газопроводах и технологических взрывоопасных установках необходимо осуществлят-?", "correct": "4", "1": "Освечение места работы определяется нарядом-допуском;", "5": "Освещение рабочего места не обязательно.", "3": "Переносные лампы (светильники) должны быть заводского изготовления напряжением выше 36 В, а в местах особо опасных(траншеи, колодцы, емкости и т.п.)-выше 12 В во взрывозащищенном исполнении. ", "amount": "5", "4": "Переносные лампы (светильники) должны быть заводского изготовления напряжением не выше 36 В, а в местах особо опасных(траншеи, колодцы, емкости и т.п.)-не выше 12 В во взрывозащищенном исполнении. ", "2": "Разрешается применение карманных, налобных фанариков или использовать лампы напряжением 220В;", "theme": "Вопросы ОПС" }