{ "teory": "", "text": "Когда разрешается приступать к работе внутри емкости-? ИВР-302-15 (п6.2.4.8)", "correct": "1", "1": "К работе внутри емкости и аппарата можно приступать, если содержание в них вредных веществ не превышает ПДК, и только в изолирующих дыхательных аппаратах.", "5": "На личное усмотрение работника.", "3": "К работе внутри емкости и аппарата можно приступать, если содержание в них вредных веществ составляет от 20 до 25% по объему  ПДК, и только в изолирующих дыхательных аппаратах.", "amount": "5", "4": "По указанию непосредственного руководителя работ.", "2": "К работе внутри емкости и аппарата можно приступать, сразу после его вскрытия с использованием фильтрующих противогазов.", "theme": "Вопросы ОПС" }