{ "teory": "", "text": "На каком расстоянии должен размещаться грунт, извлекаемый из котлована или траншеи-? ИВР-302-15 (п6.4.10)", "correct": "2", "1": "Грунт, извлеченный из котлована или траншеи, следует вывозить специализированной техникой, в специально отведенные для этого места.", "3": "Грунт, извлеченный из котлована или траншеи, следует размещать на расстоянии не менее 3 м от бровки выемки.", "amount": "4", "4": "Грунт, извлеченный из котлована или траншеи, следует размещать на расстоянии более 1,5 м от бровки выемки.", "2": "Грунт, извлеченный из котлована или траншеи, следует размещать на расстоянии не менее 0,5 м от бровки выемки.", "theme": "Вопросы ОПС" }