{ "teory": "", "text": "Разрешаетля ли работа внутри сосуда (колодца) без СИЗОД-? ИВР-302-15 (п7.3.9)", "correct": "1", "1": "Работа внутри сосуда (колодца) без СИЗОД или принудительной вентиляции рабочей зоны запрещается.", "3": "Разрешается с использование диэлектрических перчаток, диэлектрического коврика и респератора.", "amount": "4", "4": "Указанное в ответах 2 и 3", "2": "Работа внутри сосуда (колодца) без СИЗОД или принудительной вентиляции рабочей зоны разрешается, по личному разрешению главного инженера.", "theme": "Вопросы ОПС" }