{ "teory": "", "text": "Вытеснение воздуха из газопровода, сосуда-? (укажите верный ответ) ИВР-302-15 (п8.2.3.2)", "correct": "3", "1": "Вытеснять воздух из газопровода, сосуда (аппарата, емкости) следует природным газом давлением не более 0,1 Мпа (1кгс\/см2) или азотом, давлением не более 0,15МПа (1,5кгс\/см2) в месте подачи. Вытеснение считается законченным, если содержание кислорода в выходящей газовоздушной смеси не будет превышать 4% (по объему). по окончании вытеснения газовоздушной смеси продувочная свеча должна быть закрыта.", "3": "Вытеснять воздух из газопровода, сосуда (аппарата, емкости) следует природным газом давлением не более 0,1 Мпа (1кгс\/см2) или азотом, давлением не более 0,15МПа (1,5кгс\/см2) в месте подачи. Вытеснение считается законченным, если содержание кислорода в выходящей газовоздушной смеси не будет превышать 2% (по объему). по окончании вытеснения газовоздушной смеси продувочная свеча должна быть закрыта.", "amount": "4", "4": "Вытеснение считается законченным, если содержание кислорода в выходящей газовоздушной смеси не будет превышать 2% (по объему). по окончании вытеснения газовоздушной смеси продувочная свеча должна быть закрыта.", "2": "Вытеснять воздух из газопровода, сосуда (аппарата, емкости) следует природным газом давлением не более 0,25 Мпа (1кгс\/см2) или азотом, давлением не более 0,15МПа (1,5кгс\/см2) в месте подачи. Вытеснение считается законченным, если содержание кислорода в выходящей газовоздушной смеси не будет превышать 2% (по объему). по окончании вытеснения газовоздушной смеси продувочная свеча должна быть закрыта.", "theme": "Вопросы ОПС" }