{ "teory": "", "text": "Как осуществляется заполнение сосуда-? (укажите верный ответ) ИВР-302-15 (п8.2.3.6)", "correct": "4", "1": "Заполнение должно осуществляться ступенчато.", "5": "Указанное в ответах 1 и 3 совместно.", "3": "Разрешается заполнение сосуда с остановками до достижения давления 25 кгс\/см2", "amount": "5", "4": "Заполнение должно осуществляться ступенчато. До давления 10-20 кгс\/см2 - непрерывно. Затем заполнение газом временно прекращается. По истечении часа проводится осмотр места проведения работ и на крановых узлах отключенного участка. Заполнение продолжается до достижения проходного давления.", "2": "До давления 20-40 кгс\/см2 - непрерывно. Затем заполнение газом временно прекращается. По истечении часа проводится осмотр места проведения работ и на крановых узлах отключенного участка. Заполнение продолжается до достижения проходного давления.", "theme": "Вопросы ОПС" }