{ "teory": "", "text": "Кто не допускается к работе в ночное время?", "correct": "5", "1": "Беременные женщины.", "5": "Работники, перечисленные в ответах 1 и 2.", "3": "Женщины, имеющие детей в возрасте до трех лет, инвалиды, работники, имеющие детей-инвалидов, а также работники, осуществляющие уход за больными членами их семей.", "amount": "5", "4": "Работники, перечисленные выше.", "2": "Работники, не достигшие возраста восемнадцати лет, за исключением лиц, участвующих в создании и (или) исполнении художественных произведений.", "theme": "Трудовой кодекс РФ от 30.12. 2001 № 197-ФЗ. " }