{ "teory": "", "text": "Исполнители огневых работ обязаны-? ИВР-302-15 (п9.6)", "correct": "1", "1": "Ниже перечисленное", "5": "Уметь пользоваться средствами защиты и при необходимости своевременно их применять.", "3": "Ознакомиться с объемом работ на месте предстоящего проведения огневых работ; приступать к выполнению работ только по указанию лица, ответственного за проведение огневых работ; выполнять только ту работу, которая указана в плане организации и проведении огневых работ или наряде-допуске.", "amount": "5", "4": "Соблюдать меры безопасности, предусмотренные в наряде допуске;пользоваться только исправным инструментом; работать в соответствующих условиям работы спецодежде и спецобуви.", "2": "Иметь при себе квалификационное удостоверение, удостоверение по охране труда и талон по технике пожарной безопасности;Получить инструктаж по безопасному выполнению огневых работ и расписаться в наряде допуске.", "theme": "Вопросы ОПС" }