{ "teory": "", "text": "В зависимости от степени опасности газоопасные работы подразделяются группы: (укажите верный ответ) ИВР-357-18 (п2.2)", "correct": "4", "1": "Проводимые с оформлением наряда-допуска на проведение газоопасных работ", "3": "Оформление документов не требуется.", "amount": "4", "4": "Указанное в ответах 1 и 2 совместно.", "2": "Проводимые без оформления наряда-домуска на проведение газоопасных работ, но с обязательной регистрацией таких работ перед их началом в журнале учета газоопасных работ, проводимых без оформления наряда-допуска.", "theme": "Вопросы ОПС" }