{ "teory": "", "text": "Кем утверждается перечень газоопасных работ-? ИВР-357-18 (п2.5)", "correct": "2", "1": "Перечень газоопасных работ утверждается работниками производственной службы ОТ и ПБ.", "3": "Перечень газоопасных работ утверждается работниками производственной службы ОТ и ПБ, под руководством заместителя главного инженера по охране труда.", "amount": "3", "2": "Перечень газоопасных работ утверждается руководителем филиала или его заместителем, согласовывается с профессиональной аварийно-спасательной службой (формированием), аттестованной на ведение газоспасательных работ, с которой заключен договор, с лицами, назначенными ответственными за осуществление производственного контроля в филиале, в том числе заместителем главного инженера филиала по ОТ и ПБ.", "theme": "Вопросы ОПС" }