{ "teory": "", "text": "Для безопасного проведения газоопасных работ следует обеспечить-? ИВР-357-18 (п5.2)", "correct": "4", "1": "Последовательность и режим выполнения газоопасных работ.", "3": "Принятие мер, исключающих допуск на место проведения газоопасной работы лиц, не занятых ее выполнением.", "amount": "4", "4": "Указанное выше.", "2": "Контроль за состоянием воздушной среды(переодичность контроля определяется в наряде-допуске или в журнале при выполнении работ 2-ой группы, но не реже 30 минут)", "theme": "Вопросы ОПС" }