{ "teory": "", "text": "При проведении газоопасных работ, следует применять:-? ИВР-357-18 (п5.8)", "correct": "3", "1": "Переносные светильники во взрывозащищенном исполнении, соответствующие по исполнению категории и группе взрывоопасной смеси.", "5": "Средства индивидуальной защиты органов дыхания (исходя из условий работы)", "3": "Указанное в ответах 1,4,5 совместно.", "amount": "5", "4": "Устройства для подключения передвижного и переносного электрооборудования должны размещаться в не взрывоопасной зоны.", "2": "Переносные светильники во взрывозащищенном исполнении, напряжением не более 42В", "theme": "Вопросы ОПС" }