{ "teory": "", "text": "Срок единовременного пребывания работающего в СИЗОД на проведение газоопасных работ-? ИВР-357-18 (п5.8)", "correct": "5", "1": "Не регламентируется.", "5": "Срок единовременного пребывания работающего в СИЗОД лица определяется нарядом-допуском на проведение газоопасных работ, но не должен превышать 30 минут", "3": "Срок единовременного пребывания работающего в СИЗОД лица определяется нарядом-допуском на проведение газоопасных работ, должен быть от 35 до 40 минут .", "amount": "5", "4": "Срок единовременного пребывания работающего в СИЗОД лица определяется нарядом-допуском на проведение газоопасных работ, должен быть не более 40 минут .", "2": "Время нахождения в СИЗОД при проведение газоопасных работ определяется работником выполняющим эти работы.", "theme": "Вопросы ОПС" }