{ "teory": "", "text": "Какие предупреждающие знаки должны быть вывешены на емкости перед проведением газоопасных работ-? ИВР-357-18 (п6.3)", "correct": "1", "1": "На емкостях (аппаратах) перед началом проведения работ должны быть вывешены предупреждающие плакаты \"Газ\", \"Газоопасные работы\", снятие которых допускается после их завершения с разрешения лица, ответственного за проведение газоопасных работ.", "3": "На емкостях (аппаратах) перед началом проведения работ должны быть вывешены предупреждающие плакаты \"Газ\", \"Проход запрещен\"", "amount": "4", "4": "На емкостях (аппаратах) перед началом проведения работ должны быть вывешены предупреждающие плакаты \"Газ\", \"Газоопасные работы\", снятие которых допускается в любой момент проведения газоопасных работ.", "2": "На емкостях (аппаратах) перед началом проведения работ должны быть вывешены предупреждающие плакаты \"Газ\", \"Огневые работы\", снятие которых допускается после их завершения с разрешения лица, ответственного за проведение газоопасных работ.", "theme": "Вопросы ОПС" }