{ "teory": "", "text": "До какой температуры должны охлаждаться емкости (аппараты) перед спуском в них людей-? ИВР-357-18 (6.5)", "correct": "2", "1": "Нагретые емкости (аппараты) перед спуском в них людей должны быть охлаждены до температуры не выше 15*С", "3": "Нагретые емкости (аппараты) перед спуском в них людей должны быть охлаждены до температуры не ниже 40*С", "amount": "4", "4": "Нагретые емкости (аппараты) перед спуском в них людей должны быть охлаждены до температуры не ниже 25*С", "2": "Нагретые емкости (аппараты) перед спуском в них людей должны быть охлаждены до температуры не выше 30*С", "theme": "Вопросы ОПС" }