{ "teory": "", "text": "Не допускается работа внутри емкости (аппарате)-? ИВР-357-18 (п6.5)", "correct": "5", "1": "Не допускается работа внутри емкости (аппарате) при температуре 40*С и выше", "5": "Не допускается работа внутри емкости (аппарате) при температуре 50*С и выше", "3": "Не допускается работа внутри емкости (аппарате) при температуре 45*С и выше", "amount": "5", "4": "Не допускается работа внутри емкости (аппарате) при температуре 10*С и выше", "2": "Не допускается работа внутри емкости (аппарате) при температуре 60*С и выше", "theme": "Вопросы ОПС" }