{ "teory": "", "text": "Состав бригады при выполнении работ внутри емкостей (аппаратов)-? ИВР-357-18 (п6.7)", "correct": "4", "1": "Состав бригады определяет руководитель работ и выдающий наряд-допуск.", "5": "Работу внутри емкостей (аппаратов) следует проводить бригадой в составе не менее двух человек (работающий и  наблюдающий)", "3": "Работу внутри емкостей (аппаратов) следует проводить бригадой в составе не менее четырех человек (два работающих и два наблюдающих)", "amount": "5", "4": "Работу внутри емкостей (аппаратов) следует проводить бригадой в составе не менее трех человек (работающий и два наблюдающих)", "2": "Состав бригады определяет руководитель работ.", "theme": "Вопросы ОПС" }