{ "teory": "", "text": "Чем характеризуется обморожение IV степени?", "correct": "4", "1": "Поражением кожи в виде обратимых расстройств кровообращения", "3": "Нарушение кровоснабжения (тромбоз сосудов) приводит к омертвению всех слоев кожи и мягких тканей на различную глубину", "amount": "4", "4": "Омертвением всех слоев ткани, в том числе и кости", "2": "Омертвением поверхностных слоев кожи", "theme": "Медицинская часть" }