{ "teory": "", "text": "Что необходимо сделать при переохлаждениии пальцев кистей и стоп?", "correct": "3", "1": "Обеспечить подвижность переохлажденных кистей и стоп", "3": "Обеспечить неподвижность с помощью любой из видов транспортной иммобмлмзации или стандартными шинами", "amount": "3", "2": "Обеспечить воздействие тепла (теплый воздух, теплая вода)", "theme": "Медицинская часть" }