{ "teory": "", "text": "Первая помощь при обморожении.", "correct": "5", "1": "Провести мероприятия по общему согреванию пострадавшего (горячий кофе, чай, молоко)", "5": "Все вышеперечисленное", "3": "При общем переохлаждении с потерей сознания основным правилом по-прежнему остается наложение теплоизолирующих повязок на руки и ноги, как только пострадавшего внесли в теплое помещение", "amount": "5", "4": "Когда пострадавшего вводят в отапливаемое, помещение, переохлажденные участки тела, чаще руки или ноги, нужно оградить от воздействия тепла, наложив на них теплоизоляционные. повязки (ватно-марлевые, шерстяные и другие)", "2": "Быстрейшая доставка пострадавшего в медицинское учреждение ", "theme": "Медицинская часть" }