{ "teory": "", "text": "Первая помощь при отравлении промышленными газами легкой степени.", "correct": "5", "1": "Вывести или вынести пострадавшего из заражённой, загазованной зоны перпендикулярно направлению ветра, предварительно одев на себя, на пострадавшего любое средство индивидуальной защиты. Расстегнуть стесняющую одежду, в зимнее время занести в тёплое помещение. Не теряя драгоценного времени, побыстрее оценить состояние пострадавшего по признакам жизни", "5": "Все вышеперечисленное", "3": "Только на фоне восстановленного сознания, когда пострадавший будет вступать в контакт с окружающими, и выполнять простейшие команды (\"откройте глаза\", \"поднимите руку\") можно будет дать ему выпить жидкости в виде горячего чая, молока, слабощелочную воду (1\/2 чайной ложки питьевой соды на стакан воды)", "amount": "5", "4": "Промыть при необходимости глаза пострадавшему 1-2% раствором питьевой соды или раствором крепкого чая. До приезда медицинских работников, пострадавшему следует придать возвышенное или полу сидячее положение для профилактики осложнения в виде токсического отёка лёгких", "2": "Убедившись в наличии самостоятельного дыхания, даже неглубокого, и нащупав пульс на сонной артерии, пострадавшему дают понюхать нашатырный спирт (есть в любой аптечке) и протирают виски. Усилив дыхательный цикл применением нашатырного спирта, пострадавшему по возможности следующим этапом проводят ингаляцию чистого кислорода аппаратом ГС-10 или из кислородного баллона через редуктор и шланг", "theme": "Медицинская часть" }