{ "teory": "", "text": "Каковы основные цели ПАО \"Газпром\" в области охраны труда и промышленной безопасности?", "correct": "3", "1": "Создание безопасных условий труда, сохранение жизни и здоровья работников.", "3": "Все вышеперечисленное", "amount": "3", "2": "Снижение рисков аварий и инцидентов на опасных производственных объектах.", "theme": "Политика ПАО \"Газпром\" в области охраны труда и промышленной безопасности" }