{ "teory": "", "text": "Первая помощь при отравлении промышленными газами тяжелой степени.", "correct": "5", "1": "Вывести или вынести пострадавшего из заражённой, загазованной зоны перпендикулярно направлению ветра, предварительно одев на себя, на пострадавшего любое средство индивидуальной защиты", "5": "Все вышеперечисленное", "3": "Произвести искусственную вентиляцию лёгких", "amount": "5", "4": "При появлении признаков самостоятельного дыхания продолжать ИВЛ до тех пор, пока число самостоятельных дыханий не будет соответствовать 12-15 раз в минуту. Далее аналогично случаю отравления лёгкой степени", "2": "Расстегнуть стесняющую одежду, в зимнее время занести в тёплое помещение. Придать пострадавшему соответствующее положение: уложить на твёрдую поверхность, подложив под лопатки валик из одежды", "theme": "Медицинская часть" }