{ "teory": "", "text": "Приемы оказания первой доврачебной неотложной помощи при отравлении метанолом.", "correct": "4", "1": "Тщательное промывание желудка. Для этого используют 8-10 литров воды с добавлением 100-200 г. пищевой соды", "3": "Как эффективное противоядие после промывания дают выпить 200 мл 30-40% раствора этилового алкоголя в два приема. Этиловый спирт нарушает метаболизм метанола посредством связывания определенных ферментных систем организма и своим воздействием может спасти потерпевшего от смертельного исхода", "amount": "4", "4": "Все вышеперечисленное", "2": "После промывания дают внутрь 2-3 столовые ложки слегка размельченного активированного угля или любое обволакивающее средство - молоко, яичный белок, кисель, рисовый отвар", "theme": "Медицинская часть" }