{ "teory": "", "text": "Приемы оказания первой доврачебной неотложной помощи при отравлении парами метанола.", "correct": "3", "1": "Провести ингаляцию пострадавшего чистым кислородом для ускорения процесса метаболизации яда в организме", "3": "Все вышеперечисленное", "amount": "3", "2": "Дать пострадавшему принять внутрь 200 мл. 30-40% раствора этилового алкоголя", "theme": "Медицинская часть" }