{ "teory": "", "text": "При обнаружении пожара или признаков горения каждый работник обязан.", "correct": "5", "1": "Сообщить о пожаре в пожарную охрану по газовому телефону 28-2-01 (с сотового телефона 101) (при этом назвать адрес объекта, место возникновения пожара, свою фамилию, имя, отчество и телефон)", "5": "Все вышеперечисленное", "3": "Организовать процесс эвакуации (т.е. движения людей в сторону выхода из здания) в соответствии с наиболее безопасным маршрутом, предусмотренным планом эвакуаций людей при пожаре, а также исходя из информации о месте возникновения пожара, в процессе эвакуации сохранять спокойствие, помогать эвакуирующимся людям, нуждающимся в помощи, обращая особое внимание на людей с ограниченными возможностями передвижения, детей, пожилых людей", "amount": "5", "4": "Принять посильные тушению пожара меры первичными средствами пожаротушения (местоположение обозначено на планах эвакуации)", "2": "Сообщить о пожаре своему непосредственному или вышестоящему руководителю, или лицу, к которому прибыл в организацию по служебному заданию, оповестить других сотрудников при помощи кнопки включения пожарной сигнализации (месторасположение обозначено на планах эвакуации), в случаи отсутствия кнопок включения пожарной сигнализации громким голосом оповестить людей, находящихся на этаже о случившемся (по возможности обойдя максимальное количество помещений, расположенных на этаже)", "theme": "Пожарная часть" }