{ "teory": "", "text": "Что относится к первичным средствам пожаротушения?", "correct": "5", "1": "Все виды переносных и передвижных огнетушителей", "5": "Все вышеперечисленное", "3": "Ящики с порошковыми средствами (песок, перлит и т.п.)", "amount": "5", "4": "Огнестойкие ткани (асбестовое полотно, кошма, войлок и т.п.)", "2": "Оборудование пожарных кранов", "theme": "Пожарная часть" }