{ "teory": "", "text": "Что необходимо сделать для приведения в действие передвижных огнетушителей ОУ-10, ОУ-25, ОУ-40, ОУ-80?", "correct": "5", "1": "Подкатить тележку к месту возгорания и установить их в рабочее положение", "5": "Все вышеперечисленное", "3": "Открыть запорно-пусковое устройство", "amount": "5", "4": "Держа раструб за специальную изолированную ручку, направить на очаг пожара", "2": "Размотать шланг", "theme": "Пожарная часть" }