{ "teory": "", "text": "Для чего предназначены углекислотные огнетушители?", "correct": "2", "1": "Предназнаются для тушения загорания негорючих веществ, горение которых не может происходить без доступа воздуха", "3": "Предназнаются для тушения загорания веществ, горение которых может происходить без доступа воздуха", "amount": "3", "2": "Предназнаются для тушения загорания различных веществ, горение которых не может происходить без доступа воздуха, в том числе, электроустановок, находящихся под напряжением, не более 10кВ", "theme": "Пожарная часть" }