{ "teory": "", "text": "Каковы пути достижения целей  ПАО \"Газпром\" в области охраны труда и промышленной безопасности?", "correct": "3", "1": "Идентификации опасностей.", "3": "Все вышеперечисленное", "amount": "3", "2": "Оценки и управления рисками в области производственной безопасности.", "theme": "Политика ПАО \"Газпром\" в области охраны труда и промышленной безопасности" }