{ "teory": "", "text": "Для чего предназначены порошковые огнетушители?", "correct": "3", "1": "Предназначены для тушения любых материалов, находящихся под напряжением до 1000В", "3": "Предназначены для тушения тлеющих материалов, горючих жидкостей, газов, электроустановок, находящихся под напряжением до 1000В", "amount": "4", "4": "Предназначены для тушения негорючих жидкостей, оборудования, находящихся под напряжением до 8,0 МПа", "2": "Предназначены для тушения любых материалов, находящихся под напряжением свыше 1000В", "theme": "Пожарная часть" }