{ "teory": "", "text": "Как приводится в действие огнетушитель порошковый ОП-50?", "correct": "4", "1": "Огнетушитель приводится в действие выдёргиванием чеки и поворотом рычага с эксцентриком на 180, при этом открывается клапан", "3": "Для прекращения выхода порошка необходимо рычаг вернуть в исходное положение", "amount": "4", "4": "Все вышеперечисленное", "2": "Смесь порошка с воздуха, находящаяся под давлением, поступает в сифонную трубу, затем по шлангу через насадку выпускается из огнетушителя.", "theme": "Пожарная часть" }