{ "teory": "", "text": "Как должны размещаться первичные средства пожаротушения?", "correct": "3", "1": "В легдоступных местах", "3": "В легдоступных местах и не должны быть помехой и препятствием при эвакуации персонала из помещений", "amount": "3", "2": "Не должны быть помехой и препятствием при эвакуации персонала из помещений", "theme": "Пожарная часть" }