{ "teory": "", "text": "Какие обязательства принимает на себя ПАО \"Газпром\" для достижения заявленных целей? ", "correct": "5", "1": "Постоянно снижать показатели производственного травматизма, профессиональных заболеваний, аварийности, в также минимизировать риски возникновения пожаров, дорожно-транспортных происшествий, связанных с производственной деятлеьностью.", "5": "Указанные в ответах 1-4, а также постоянно повышать компетентность работников в области производственной безопасности.", "3": "Обеспечивать эффективное функционирование и непрерывное совершенствование системы управления производственной безопансостью, в том числе развивая культуру производственной безопансости.", "amount": "5", "4": "Осуществлять оценку рисков в области производственной безопасности, обеспечивать управление рисками для предупреждения возникновения травм, ухудшения здоровья работников, повреждения оборудования и имущества", "2": "Обеспечивать соблюдение требований нормативных правовых актов, нормативных документов федерального, регионального и корпоративного уровней в области производтственной безопасности.", "theme": "Политика ПАО \"Газпром\" в области охраны труда и промышленной безопасности" }