{ "teory": "", "text": "С какой целью применяются асбестовое волокно, войлок, кошма?", "correct": "3", "1": "Применяются для защиты оборудования раюотающего под избыточным давлением ", "3": "Применяются для защиты отдельного оборудования от огня или изоляции от искр и очагов загорания при аварийной ситуации", "amount": "4", "4": "Все вышеперечисленное", "2": "Применяются для вскрытия конструкций или растаскивания горящих материалов", "theme": "Пожарная часть" }