{ "teory": "", "text": "Что такое пожар?", "correct": "1", "1": "Неконтролируемое горение, причиняющее материальный ущерб, вред жизни и здоровью", "3": "Контролируемое горение, не причиняющее материальный ущерб, вред жизни и здоровью", "amount": "3", "2": "Контролируемое горение, причиняющее материальный ущерб, вред жизни и здоровью", "theme": "Пожарная часть" }