{ "teory": "", "text": "Для чего предназначены пожарные щиты?", "correct": "1", "1": "Для размещения первичных средств пожаротушения в производственных и складских помещениях, не оборудованных внутренним противопожарным водопроводом", "3": "Для размещения пожарных кранов внутреннего протипожарного водоснабжения", "amount": "4", "4": "Все вышеперечисленное", "2": "Для размещения автоматической установки пожарной сигнализации и системы оповещения людей о пожаре", "theme": "Пожарная часть" }