{ "teory": "", "text": "Правила тушения пожара.", "correct": "3", "1": "Начинать тушить возгорание необходимо с края очага возгорания, по мере тушения двигаясь к его краю", "3": "Начинать тушить возгорание необходимо с наветренной стороны с расстояния 3-4 м. с края очага возгорания, по мере тушения двигаясь к его центру", "amount": "3", "2": "Начинать тушить возгорание необходимо с расстояния 3-4 м. с центра очага возгорания, по мере тушения двигаясь к наветренной стороне", "theme": "Пожарная часть" }