{ "teory": "", "text": "В каком случае запрещается движение автотранспортной техники на территории Головных сооружений и Газосборных пунктов?", "correct": "2", "1": "С полным баком топлива", "3": "С выключенным светом", "amount": "4", "4": "В случаях плохой водимости", "2": "Без искрогасителей", "theme": "Пожарная часть" }