{ "teory": "", "text": "С помощью чего производят отогревание замерзших или загидратившихся участков трубопроводов и аппаратов?", "correct": "2", "1": "Открытого огня", "3": "Электрических нагрузочных аппаратов", "amount": "4", "4": "Выхлопных газов транспортного средства", "2": "Пара или теплой воды", "theme": "Пожарная часть" }