{ "teory": "", "text": "В соответствии с применяемым огнетушащим средством огнетушители могут быть:", "correct": "5", "1": "Водные", "5": "Все вышеперечисленное", "3": "Газовые (углекислотные, хладоновые)", "amount": "5", "4": "Порошковые", "2": "Пенные (химические, химические воздушно-пенные, воздушно-пенные)", "theme": "Пожарная часть" }