{ "teory": "", "text": "Обязанности работника за пожарную безопасность своего рабочего места?", "correct": "4", "1": "Содержать в чистоте рабочее место", "3": "Курить только в специально отведенных местах", "amount": "4", "4": "Все вышеперечисленное", "2": "Уходя из помещения выключать свет и электроприборы", "theme": "Пожарная часть" }