{ "teory": "", "text": "На кого распространяется Политика ПАО \"Газпром\" в области охраны труда и промышленной безопасности?", "correct": "2", "1": "На ПАО \"Газпром\".", "3": "На ОАО \"Газпром\", дочерние общества и организации, поставщиков и подрядчиков, осуществляющих деятельность на объектах Компании.", "amount": "3", "2": "На ПАО \"Газпром\" и все дочерние общества и организации.", "theme": "Политика ПАО \"Газпром\" в области охраны труда и промышленной безопасности" }