{ "teory": "", "text": "Ключевые правила безопасности ПАО \"Газпром\" разработаны на основании?", "correct": "3", "1": "Статистических данных собранных исследовательскими центрами.", "3": "Анализа основных причин несчастных случаев, происшедших в дочерних обществах и организациях ПАО \"Газпром\".", "amount": "3", "2": "Многолетнего опыта работы в данной отрасли.", "theme": "Ключевые правила безопасности ПАО \"Газпром\"" }