{ "teory": "", "text": "Что запрещено Ключивыми правилами безопасности ПАО \"Газпром\"", "correct": "2", "1": "Запрещено курение вне специально отведенных для этой цели мест.", "3": "Запрещено во время движения транспортного средства нарушать скоростной режим, пользоваться мобильным телефоном.", "amount": "4", "4": "Запрещено употребление алкоголя, наркотиков и иных запрещенных препаратов.", "2": "Все перечисленное.", "theme": "Ключевые правила безопасности ПАО \"Газпром\"" }