{ "teory": "", "text": "Ключевые правила безопасности ПАО \"Газпром\" разработаны в целях?", "correct": "5", "1": "Реализации Политики и достижения целей ПАО \"Газпром\" в области охраны труда и промышленной безопасности.", "5": "Все вышеперечисленное", "3": "Предупреждения происшествий с участием работников.", "amount": "5", "4": "Информирования работников о недопустимости дейчтвий, которые могут привести к происшествию.", "2": "Определения единых минимальных требовний к безопасному поведению работников. Повышения культуры безопасности работников.", "theme": "Ключевые правила безопасности ПАО \"Газпром\"" }