{ "teory": "", "text": "На кого распространяются Ключевые правила безопасности?", "correct": "3", "1": "На студентов отрабатывающих практику.", "3": "Ключевые правила безопасности доводятся до всех работников ПАО \"Газпром\" и его дочерних обществи организаций, а также до персонала организаций, занятых на обьектах ПАО \"Газпром\" и его дочерних обществ и организаций на основании договора или другом законном основании.", "amount": "4", "4": "Все вышеперечисленное", "2": "На работников  вновь поступивших на предприятие. ", "theme": "Ключевые правила безопасности ПАО \"Газпром\"" }