{ "teory": "", "text": "Действие работников в случае обнаружения нарушения Ключевых правил безопасности", "correct": "2", "1": "Сообщить о нарушении инженеру по охране труда.", "5": "Все перечисленное.", "3": "Сообщить о нарушении Главному инженеру.", "amount": "5", "4": "Сообщить о нарушении Начальнику Филлиала.", "2": "В случае обнаружения нарушений Ключевых правил безопасности или возникновения сомнений в безопасности выполняемых работ каждый работник вправе предупреждать исполнителя работ, а также сообщать своему непосредственному руководителю о вышеназванных фактах. ", "theme": "Ключевые правила безопасности ПАО \"Газпром\"" }