{ "teory": "", "text": "Дайте определение ключевых правил безопасности", "correct": "1", "1": "Единые требования к поведению работников ПАО \"Газпром\" и его дочерних обществ и организаций при выполнении ими трудовых функций, а также работников подрядных организаций, занятых на объетках ПАО \"Газпром\" и гео дочерних обществ и организаций, на основании договора или другом законном основании, несоблюдение которых может привести к происшествиям.", "3": "Единые требования к поведению работников организаций при выполнении ими трудовых функций, а также работников подрядных организаций, занятых на объетках ПАО \"Газпром\" и гео дочерних обществ и организаций.", "amount": "4", "4": "Единые требования к поведению работников ПАО \"Газпром\".", "2": "Единые требования к поведению работников ООО \"Газпром ПХГ\" и его дочерних обществ и организаций при выполнении ими трудовых функций.", "theme": "Ключевые правила безопасности ПАО \"Газпром\"" }