{ "teory": "", "text": "При какой концентрации в воздухе метан действует на человека удушающе? ", "correct": "1", "1": "При концентрации в воздухе более 20% ", "3": "При концентрации в воздухе более 15% ", "amount": "4", "4": "При концентрации в воздухе более 10% ", "2": "При концентрации в воздухе менее 20% ", "theme": "Свойства газов" }